-- phpMyAdmin SQL Dump
-- version 4.7.0
-- https://www.phpmyadmin.net/
--
-- Hôte : 127.0.0.1
-- Généré le :  Dim 06 juin 2021 à 16:43
-- Version du serveur :  10.1.24-MariaDB
-- Version de PHP :  7.1.6

SET SQL_MODE = "NO_AUTO_VALUE_ON_ZERO";
SET AUTOCOMMIT = 0;
START TRANSACTION;
SET time_zone = "+00:00";


/*!40101 SET @OLD_CHARACTER_SET_CLIENT=@@CHARACTER_SET_CLIENT */;
/*!40101 SET @OLD_CHARACTER_SET_RESULTS=@@CHARACTER_SET_RESULTS */;
/*!40101 SET @OLD_COLLATION_CONNECTION=@@COLLATION_CONNECTION */;
/*!40101 SET NAMES utf8mb4 */;

--
-- Base de données :  `final`
--

-- --------------------------------------------------------

--
-- Structure de la table `commune`
--

CREATE TABLE `commune` (
  `Commune_id` int(11) NOT NULL,
  `NomCommune` varchar(45) DEFAULT NULL,
  `Daira_id` int(11) NOT NULL
) ENGINE=InnoDB DEFAULT CHARSET=utf8;

--
-- Déchargement des données de la table `commune`
--

INSERT INTO `commune` (`Commune_id`, `NomCommune`, `Daira_id`) VALUES
(1, 'Ain Taya', 0),
(2, 'Bab Ezzouar', 0),
(3, 'Bordj El Bahri', 0),
(4, 'Bordj El Kiffan', 0),
(5, 'Dar El Beida', 0),
(6, 'El Marsa', 0),
(7, 'Mohammadia', 0),
(8, 'Ain Benian', 0),
(9, 'Cheraga', 0),
(10, 'Dely Ibrahim', 0),
(11, 'Ouled Fayet', 0),
(12, 'El Hammamet', 0),
(13, 'Mahelma', 0),
(14, 'Rahmania', 0),
(15, 'Souidania', 0),
(16, 'Staoueli', 0),
(17, 'Zeralda', 0),
(18, 'Baba Hassen', 0),
(19, 'Douera', 0),
(20, 'Draria', 0),
(21, 'El achour', 0),
(22, 'Khraicia', 0),
(23, 'Birtouta', 0),
(24, 'Ouled Chebel', 0),
(25, 'Tassala El Merdja', 0),
(26, 'Baraki', 0),
(27, 'Les Eucalyptus', 0),
(28, 'Sidi Moussa', 0),
(29, 'H\'raoua', 0),
(30, 'Reghaia', 0),
(31, 'Rouiba', 0),
(32, 'Alger Centre', 0),
(33, 'Sidi M\'Hamed', 0),
(34, 'El Madania', 0),
(35, 'El Mouradia', 0),
(36, 'Bab El Oued', 0),
(37, 'Casbah', 0),
(38, 'Bologhine', 0),
(39, 'Oued Koriche', 0),
(40, 'Rais Hamidou', 0),
(41, 'El Magharia', 0),
(42, 'El Hamma ( Ruisseau, Belouizdad)', 0),
(43, 'Hussein Dey', 0),
(44, 'Kouba', 0),
(45, 'Ben Aknoun', 0),
(46, 'Beni Messous', 0),
(47, 'Bouzareah', 0),
(48, 'El Biar', 0),
(49, 'Bir Mourad Rais', 0),
(50, 'Birkhadem', 0),
(51, 'Gue de Constantine', 0),
(52, 'Hydra', 0),
(53, 'Saoula', 0),
(54, 'Bachdjerah', 0),
(55, 'Bourouba', 0),
(56, 'El-Harrach', 0),
(57, 'Oued Smar', 0);

-- --------------------------------------------------------

--
-- Structure de la table `commune_daira`
--

CREATE TABLE `commune_daira` (
  `id_Commune` int(11) NOT NULL,
  `id_Daira` int(11) NOT NULL
) ENGINE=InnoDB DEFAULT CHARSET=latin1;

--
-- Déchargement des données de la table `commune_daira`
--

INSERT INTO `commune_daira` (`id_Commune`, `id_Daira`) VALUES
(1, 1),
(2, 1),
(3, 1),
(4, 1),
(5, 1),
(6, 1),
(7, 2),
(8, 2),
(9, 2),
(10, 2),
(11, 2),
(12, 3),
(13, 3),
(14, 3),
(15, 3),
(16, 3),
(17, 4),
(18, 4),
(19, 4),
(20, 4),
(21, 4),
(22, 5),
(23, 5),
(24, 5),
(25, 6),
(26, 6),
(27, 6),
(28, 7),
(29, 7),
(30, 7),
(31, 8),
(32, 8),
(33, 8),
(34, 8),
(35, 9),
(36, 9),
(37, 9),
(38, 9),
(39, 9),
(40, 10),
(41, 10),
(42, 10),
(43, 10),
(44, 11),
(45, 11),
(46, 11),
(47, 11),
(48, 12),
(49, 12),
(50, 12),
(51, 12),
(52, 12),
(53, 13),
(54, 13),
(55, 13),
(56, 13);

-- --------------------------------------------------------

--
-- Structure de la table `daira`
--

CREATE TABLE `daira` (
  `Daira_id` int(11) NOT NULL,
  `NomDaira` varchar(25) DEFAULT NULL
) ENGINE=InnoDB DEFAULT CHARSET=utf8;

--
-- Déchargement des données de la table `daira`
--

INSERT INTO `daira` (`Daira_id`, `NomDaira`) VALUES
(1, 'Dar El Beida'),
(2, 'Cheraga'),
(3, 'Zeralda'),
(4, 'Draria'),
(5, 'Birtouta'),
(6, 'Baraki'),
(7, 'Rouiba'),
(8, 'Sidi M\'Hamed'),
(9, 'Bab El Oued'),
(10, 'Hussein Dey'),
(11, 'Bouzareah'),
(12, 'Bir Mourad Rais'),
(13, 'El-Harrach');

-- --------------------------------------------------------

--
-- Structure de la table `hopital`
--

CREATE TABLE `hopital` (
  `hopital_id` int(11) NOT NULL,
  `nomhopital` varchar(255) DEFAULT NULL,
  `adresse` varchar(255) DEFAULT NULL,
  `Specialite` varchar(300) CHARACTER SET utf8 COLLATE utf8_unicode_ci NOT NULL,
  `Commune` varchar(25) DEFAULT NULL,
  `Daira` varchar(25) DEFAULT NULL,
  `mobile` varchar(45) DEFAULT NULL,
  `Email` varchar(45) DEFAULT NULL,
  `FbPage` varchar(255) DEFAULT NULL,
  `capacite` varchar(255) DEFAULT NULL,
  `heurO` varchar(25) DEFAULT NULL,
  `Lat` double DEFAULT NULL,
  `Lon` double DEFAULT NULL
) ENGINE=InnoDB DEFAULT CHARSET=utf8;

--
-- Déchargement des données de la table `hopital`
--

INSERT INTO `hopital` (`hopital_id`, `nomhopital`, `adresse`, `Specialite`, `Commune`, `Daira`, `mobile`, `Email`, `FbPage`, `capacite`, `heurO`, `Lat`, `Lon`) VALUES
(1, 'Cabinet Medical d\'Ophtalmologie Dr CHEKIR', 'Rue Bouchenafa Mohamed, Alger 16012', ' | Ophtalmologie', 'SIDI M\'HAMED', 'SIDI M\'HAMED', '0550 48 81 17', NULL, NULL, NULL, '09:00:00', 36.7557836, 3.0622741),
(2, 'Cabinet D\'ophtalmologie Dr K Mili Bertal', '97 Rue Didouche Mourad, Alger 16000', ' | Ophtalmologie', 'ALGER CENTRE ', 'SIDI M\'HAMED', '021 23 82 53', NULL, NULL, NULL, '08:00:00', 36.7651735, 3.0492005),
(3, 'cabinet d\'ophtalmologie dr benabderrahmane w epse toualit', 'El Biar,Alger', ' | Ophtalmologie', 'EL BIAR', 'BOUZAREAH', '023 38 85 80', NULL, NULL, NULL, NULL, 36.7690092, 3.0309946),
(4, 'cabinet medico-chirurgicale d\'ophtalmologie Docteur MIRI nee CHOUIKHI', '77 Didouche Mourad Street, Alger 16001', ' | Ophtalmologie', 'ALGER CENTRE ', 'SIDI M\'HAMED', ' 0662 00 40 27', NULL, NULL, NULL, '9AM-3PM', 36.7681883, 3.0540195),
(5, 'Dr BROURI Mehdi', '56 rue Mohamed Belouizdad, 1er Mai, Alger', ' | Ophtalmologie', 'BELOUIZDA', 'HUSSEIN DEY', '0556 25 28 75', NULL, NULL, NULL, '6:30AM-5:30PM', 36.7600796, 3.0567591),
(6, 'Dr Amine Chachoua Ophtalmologie', '39 Rue Larbi Ben M\'hidi Alger Ctre 16000', ' | Ophtalmologie', 'ALGER CENTRE ', 'SIDI M\'HAMED', '0552 72 16 12', NULL, NULL, NULL, '8AM-5PM', 36.775524, 3.058357),
(7, 'Cabinet D\'ophtalmologie Dr Kamel Abdelouahab', 'n 05, Rue El Arbi Mansouri, Kouba', ' | Ophtalmologie', 'KOUBA', 'HUSSEIN DEY', '0663 41 08 81', NULL, NULL, NULL, '8AM-4PM', 36.7334827, 3.0838656),
(8, 'Clinique Val Hydra d\'Ophtalmologie', 'Villa 19B val, Hydra', ' | Ophtalmologie', 'HYDRA', 'BIR MOURAD RAIS', '021 48 05 09', NULL, NULL, NULL, '8AM-5PM', 36.7545019, 3.0039489),
(9, 'Cabinet D\'ophtalmologie Docteur Abdi Bouali F', '16007? Algeria, Bayrut', ' | Ophtalmologie', 'BAB EL OUED', 'BAB EL OUED', '023 16 13 73', NULL, NULL, NULL, '8AM-4PM', 33.8902583, 35.4911088),
(10, 'Cabinet Medico-Chirurgical D\'ophtalmologie', 'Bab Ezzouar,Alger', ' | Ophtalmologie', 'BAB EZZOUAR', 'DAR EL BEIDA', '0550 23 07 85', NULL, NULL, NULL, '8:30AM-5PM', 36.7206251, 3.1854975),
(11, 'Cabinet d\'ophtalmologie Dr Chaia, Dr Boutlelis', 'N 2 cite CNEP 150 logts d\'alger, Route, Kolea', ' | Ophtalmologie', 'KOLEA ', 'KOLEA', '024 48 21 98', NULL, NULL, NULL, NULL, 36.643198, 2.774459),
(12, 'Cabinet d\'ophtalmologie. Dr Benaissa Habib. Y', 'Djasr Kasentina, Algerie', ' | Ophtalmologie', 'GUE DE CONSTANTINE ', 'BIR MOURAD RAIS', '0554 11 50 58', NULL, NULL, NULL, '8:30AM-3:30PM', 36.703497, 3.096477),
(13, 'Professeur BARKAT Anissa', 'Cite Krim Belkacem Bt. 5, Appt. 1, Bir Mourad Rais', ' | Ophtalmologie', 'BIR MOURAD RAIS', 'BIR MOURAD RAIS', '021 54 16 50', NULL, NULL, NULL, NULL, 36.7336293, 3.0572698),
(14, 'Cabinet de Pneumologie et d\'apnee du someil Dr Azouaou Karim', 'CITE OUMEKHLOUF EGECO BT 7 N 4 BOUROUBA? ALGER 16016', ' | Ophtalmologie | Pneumo-Phtisiologie', 'BOUROUBA', 'EL-HARRACH', '023 76 57 96', NULL, NULL, NULL, '7:30AM-5:30PM', 36.7191185, 3.1137952),
(15, 'Cabinet d\'ophtalmologie Dr F.Z HAMCHI NeE NIBOUCHE', 'W142, Ouled Fayet 16094', ' | Ophtalmologie', 'OULED FAYET', 'CHERAGA ', '021 38 77 64', NULL, NULL, NULL, '8:30AM-6:30PM', 36.7394817, 2.9463432),
(16, 'Clinique D Ophtalmologie Dr Mokrani Les Vergers', 'Rue Freres Djilali, Birkhadem, Alger', ' | Ophtalmologie', 'BIRKHADEM', 'BIR MOURAD RAIS', '021 54 30 30', NULL, NULL, NULL, NULL, 36.7234479, 3.0513987),
(17, 'Cabinet Medical d\'ophtalmologie ABDI BOUALI FAZIA', 'Bab El Oued,Alger', ' | Ophtalmologie', 'BAB EL OUAD', 'BAB EL OUAD', NULL, NULL, NULL, NULL, NULL, 36.7927594, 3.0513601),
(18, 'Dr BOUGHANEM WALID', 'Rue Ibrahim Hadjeras 16206 Beni Messous Algerie', ' | Ophtalmologie', 'BENI MESSOUS', 'BOUZAREAH', '021 93 33 21', NULL, NULL, NULL, '8AM-10PM', 36.780579, 2.98102),
(19, 'Cabinet d\'ophtalmologie Dr Dahmani Meriem', 'Dely Ibrahim,Alger', ' | Ophtalmologie', 'DELY IBRAHIM', 'CHERAGA ', '0542 30 50 95', NULL, NULL, NULL, '8:30AM-5PM', 36.7528506, 2.9800558),
(20, 'Cabinet d\'Ophtalmologie Said Hamdine', 'Cite 384 Logements, BAT B4, Appart N 4, Bir Mourad Rais', ' | Ophtalmologie', 'BIR MOURAD RAIS', 'BIR MOURAD RAIS', '0556 46 01 21', NULL, NULL, NULL, '8:30AM-4:30PM', 36.737123, 3.033849),
(21, 'Ait Belkacem', 'Boulevard Des Martyrs, Sidi M\'Hamed', ' | Ophtalmologie', 'SIDI M\'HAMED', 'SIDI M\'HAMED', '021 27 41 65', NULL, NULL, NULL, '8AM-5PM', 36.7502367, 3.0583624),
(22, 'Dr Ait Allaoua F', 'Avenue des Freres Abdeslami, Kouba', ' | Ophtalmologie', 'KOUBA', 'HUSSEIN DEY', '021 46 22 03', NULL, NULL, NULL, '8AM-6PM', 36.7292922, 3.0799726),
(23, 'Cabinet D\'ophtalmologie Et De Cardiologie', 'Baba Hassen,Alger', ',Cardiologie | Cardiologie | Ophtalmologie', 'BABA HASSEN ', 'DRARIA ', '0657 68 24 64', NULL, NULL, NULL, NULL, 36.6943775, 2.9731072),
(24, 'Dr Djellouli Abdelkrim', '48, Rue victor despie. Hai El Badr. Kouba. Alger', ' | Ophtalmologie', 'KOUBA', 'HUSSEIN DEY', '021 28 75 20', NULL, NULL, NULL, NULL, 36.7207735, 3.0932616),
(25, 'Dr Daghi Ophtalmologue', 'Bab El Oued 16000', ' | Ophtalmologie', 'BAB EL OUAD', 'BAB EL OUAD', '021 96 62 62', NULL, NULL, NULL, NULL, 36.7927594, 3.0513601),
(26, 'Ophtalmologiste Dr Aberkane Moussaoui A', 'Bab Ezzouar,Alger', ' | Ophtalmologie', 'BAB EZZOUAR', 'DAR EL BEIDA', '021 24 83 45', NULL, NULL, NULL, NULL, 36.7206251, 3.1854975),
(27, 'Dr boudjemia lemkami', 'Rue Hassiba Ben Bouali, Dely Ibrahim,Alger', ' | Ophtalmologie', 'DELY IBRAHIM', 'CHERAGA ', '021 93 64 89', NULL, NULL, NULL, NULL, 36.7712616, 3.001562),
(28, 'Cabinet du Dr O. Brahimi Ophtalmologie', 'Bordj El Kiffan,Alger', ' | Ophtalmologie', 'BORDJ EL KIFFAN', 'DAR EL BEIDA', NULL, NULL, NULL, NULL, NULL, 36.747187, 3.190432),
(29, 'Dr Ikhlef Abdelkader', '21 Bouhamidi, Ave Mahmoud Boudjatit', ' | Ophtalmologie', 'KOUBA', 'HUSSEIN DEY', '021 43 27 55', NULL, NULL, NULL, '9AM-5PM', 36.7769128, 3.0563436),
(30, 'Dr Abdennour BENYOUNES', 'H5 - Cite MALKI _ BEN AKNOUN? ALGER 16030', ' | Pneumo-Phtisiologie', 'BEN AKNOUN', 'BOUZAREAH', '023 47 22 02', NULL, NULL, NULL, '11AM-4PM', 36.754161, 3.021637),
(31, 'Dr Boukhechem', 'Sidi M\'Hamed 16000,Alger', ' | Ophtalmologie', 'SIDI M\'HAMED', 'SIDI M\'HAMED', '021 23 85 16', NULL, NULL, NULL, NULL, 36.7519841, 3.0540125),
(32, 'Dr Ayata', 'Bouzareah,Alger', ' | Ophtalmologie', 'BOUZAREAH', 'BOUZAREAH', '021 93 07 64', NULL, NULL, NULL, '8AM-5PM', 36.7816379, 3.0125674),
(33, 'Cabinet de Gynecologie du Dr Mami Talbi H', 'Cite des Asphodeles - BT C? Apprt 34 Cage 3 Ben Aknoun Alger? Alger 16306', '', 'BEN AKNOUN', 'BOUZAREAH', '0551 79 70 74', NULL, NULL, NULL, NULL, 36.760382, 3.012078),
(34, 'DIK Mourad', '24 Rue Colonel Lotfi, Ain Taya, Algerie', ' | Gynecologie', 'AIN TAYA', 'DAR EL BEIDA', '021 86 61 32', NULL, NULL, NULL, NULL, 36.788918, 3.284842),
(35, 'HADABI Kamel', 'cite des faleses Rd Ain Taya? Ain Taya', ' | Gynecologie', 'AIN TAYA', 'DAR EL BEIDA', '021 86 78 33', NULL, NULL, NULL, NULL, 36.796544, 3.287199),
(36, 'KADI - HANIFI Nadjet', 'Rue Assas Ahmed Lot 252 Baraki', ' | Pediatrie', 'BARAKI', 'BARAKI', '021 53 17 89', NULL, NULL, NULL, NULL, 36.0697725, 4.7571303),
(37, 'BENZATI Samir', '97 LOT DJENANE EL MABROUK Bachdjerah', ' | Pediatrie', 'BACHJERRAH', 'EL-HARRACH', '021 26 74 29', NULL, NULL, NULL, NULL, 36.7227611, 3.1286211),
(38, 'ZERHOUNI Toufik', 'Cite Des 300 Logts Bab Ezzouar', ' | Pediatrie', 'BAB EZZOUAR', 'DAR EL BEIDA', '021 24 86 93', NULL, NULL, NULL, NULL, 36.7946891, 3.2593105),
(39, 'IDRIS Amar', '9, Rue Ahmed AOUNE El Harrach', ' | Pediatrie', 'EL HARRACH', 'EL-HARRACH', '021 52 96 28', NULL, NULL, NULL, NULL, 36.720713, 3.1430904),
(40, 'HAMID OUDJANA Abdallah', 'Rue Slimane HANAFI, El-Harrach', ' | Pediatrie', 'EL HARRACH', 'EL-HARRACH', '021 52 96 73', NULL, NULL, NULL, NULL, 36.719368, 3.145751),
(41, 'KHATI Said', 'Cite Hayet Bt 9 N 1 Gue de constantine', ' | Pediatrie', 'GUE DE CONSTANTINE ', 'BIR MOURAD RAIS', '021 83 60 07', NULL, NULL, NULL, NULL, 36.701344, 3.09106),
(42, 'KHARCHI Assia', 'Cite 296 Logements Djasr Kasentina Algerie', ' | Pediatrie', 'GUE DE CONSTANTINE ', 'BIR MOURAD RAIS', '021 55 70 98', NULL, NULL, NULL, NULL, 36.699747, 3.075282),
(43, 'KEFIF Djamaleddine', 'Cite 630 Logts batiment A2 Ain Naadja, Gue de constantine, ALGER', ' | Pediatrie', 'GUE DE CONSTANTINE ', 'BIR MOURAD RAIS', '021 55 85 83', NULL, NULL, NULL, NULL, 36.69465, 3.080393),
(44, 'HAMIDI Nacera', 'Cite 180 Logements batiment 9 Bab Ezzouar', ' | Pediatrie', 'BAB EZZOUAR', 'DAR EL BEIDA', '021 24 66 70', NULL, NULL, NULL, NULL, 36.720702, 3.185431),
(45, 'ALI PACHA Ismail', 'Cite Du Mai 45 Bab Ezzouar', ' | Pediatrie', 'BAB EZZOUAR', 'DAR EL BEIDA', '021 51 73 71', NULL, NULL, NULL, NULL, 36.738359, 3.185928),
(46, 'ADDAD MAHFOUF Nacera', 'Djasr Kasentina, Algerie', ' | Pediatrie', 'GUE DE CONSTANTINE ', 'BIR MOURAD RAIS', '021 22 11 40', NULL, NULL, NULL, NULL, 36.698133, 3.079612),
(47, 'RADJRADJ Anissa', 'Cite Des Freres Abbes Dar El Beida', ' | Pediatrie', 'DAR EL BEIDA', 'DAR EL BEIDA', '021 50 51 59', NULL, NULL, NULL, NULL, 36.7168772, 3.2110069),
(48, 'KHEBBAB Mohamed Salah', 'Hai Ali Sadek Bordj El Kiffan', ' | Pediatrie', 'BORDJ EL KIFFAN', 'DAR EL BEIDA', '021 86 95 41', NULL, NULL, NULL, NULL, 36.753511, 3.234365),
(49, 'LAMARI Mohamed', 'BACHDJARAH 1 batiment 34', ' | Pediatrie', 'BACHJERRAH', 'EL-HARRACH', '021 26 14 73', NULL, NULL, NULL, NULL, 36.723603, 3.118154),
(50, 'CHABI Nassima', '6 Rue Daib Aissa Bordj El Kiffan', ' | Pediatrie', 'BORDJ EL KIFFAN', 'DAR EL BEIDA', '021 20 55 96', NULL, NULL, NULL, NULL, 36.7400352, 3.187461),
(51, 'AREZKI Cherif', 'LA MONTAGNE Bourouba', ' | Pediatrie', 'BOUROUBA', 'EL-HARRACH', '021 51 17 89', NULL, NULL, NULL, NULL, 36.71195, 3.11452),
(52, 'BOUHADJI Mourad', '9 Rue Nacer Agoulmine kouba', ' | Pediatrie', 'KOUBA', 'HUSSEIN DEY', '021 23 33 17', NULL, NULL, NULL, NULL, 36.728163, 3.079301),
(53, 'AHMED SADI Mohamed', '23,Rue TRIPOLI Hussein Dey', ' | Pediatrie', 'HUSSIN DEY', 'HUSSEIN DEY', '021 77 98 84', NULL, NULL, NULL, NULL, 36.7433189, 3.0970509),
(54, 'SADOU ABDELLI Dalila', 'batiment 5 Hamma Annasser', ' | Pediatrie', 'BELOUIZDA', 'HUSSEIN DEY', '021 67 88 02', NULL, NULL, NULL, NULL, 36.744947, 3.081123),
(55, 'KIBOUA Nadia', 'Cite HLM Hamma Annasser', ' | Pediatrie', 'BELOUIZDA', 'HUSSEIN DEY', '021 67 33 43', NULL, NULL, NULL, NULL, 36.74744, 3.070802),
(56, 'GUERMOUCHE Latifa', '33 Rue Med Belouizdad Hamma Annasser', ' | Pediatrie', 'BELOUIZDA', 'HUSSEIN DEY', '021 66 28 99', NULL, NULL, NULL, NULL, 36.7484043, 3.075778),
(57, 'CHABANE CHAOUCHE Chafika', '36 Rue med belouizdad Hamma Annasser', ' | Pediatrie', 'BELOUIZDA', 'HUSSEIN DEY', '021 66 87 47', NULL, NULL, NULL, NULL, 36.7484043, 3.075778),
(58, 'BOUKERROU Fella', '24 Bis Med Beloizdad Annasser', ' | Pediatrie', 'BELOUIZDA', 'HUSSEIN DEY', '021 66 13 18', NULL, NULL, NULL, NULL, 36.747122, 3.071999),
(59, 'BENABI Leila', '7 Rue Faycal Mebarek Sidi M\'Hamed', ' | Pediatrie', 'SIDI M\'HAMED', 'SIDI M\'HAMED', '021 65 98 58', NULL, NULL, NULL, NULL, 36.753752, 3.058701),
(60, 'HADJAR Belaid', 'Cite des Annassers 2 , Kouba', ' | Pediatrie', 'KOUBA', 'HUSSEIN DEY', '021 29 25 96', NULL, NULL, NULL, NULL, 36.734619, 3.065829),
(61, 'CHEKIRED Ouahiba', 'CITE GARIDI II BT 79 Kouba', ' | Pediatrie', 'KOUBA', 'HUSSEIN DEY', '021 56 37 57', NULL, NULL, NULL, NULL, 36.7130355, 3.0851336),
(62, 'CHAOUI Nabil', 'Rue Mohamed KHAOUARIZMI, Kouba', ' | Pediatrie', 'KOUBA', 'HUSSEIN DEY', '021 23 41 67', NULL, NULL, NULL, NULL, 36.73509, 3.083602),
(63, 'ALI SMAIL Saliha', 'PARC Ben Omar Villa N 194 Kouba', ' | Pediatrie', 'KOUBA', 'HUSSEIN DEY', '021 28 31 31', NULL, NULL, NULL, NULL, 36.7254927, 3.0912254),
(64, 'ABDELAZIZ-ANKOUCHE Leila', '34 Rue Zoubir ZAMALI, Kouba', ' | Pediatrie', 'KOUBA', 'HUSSEIN DEY', '021 58 09 52', NULL, NULL, NULL, NULL, 36.730294, 3.083033),
(65, 'ASSARI Mohamed Reda', 'Boulevard Larbi Khaled Rouiba batiment L', ' | Pediatrie', 'ROUIBA', 'ROUIBA', '021 85 69 80', NULL, NULL, NULL, NULL, 36.740184, 3.282007),
(66, 'AIT AIDER Azeddine', '5 Rue Drif Rouiba', ' | Pediatrie', 'ROUIBA', 'ROUIBA', '021 85 44 30', NULL, NULL, NULL, NULL, 36.7390353, 3.2840306),
(67, 'BESSAD Hamid', 'Cite 632 logements, Mohammadia batiment 23', ' | Pediatrie', 'MOHAMMADIA', 'DAR EL BEIDA', '021 53 90 13', NULL, NULL, NULL, NULL, 36.730701, 3.146764),
(68, 'ABDESSAMED Farida', 'PINS MARITIMES Mohammadia', ' | Pediatrie', 'MOHAMMADIA', 'DAR EL BEIDA', '021 21 90 74', NULL, NULL, NULL, NULL, 36.737627, 3.154732),
(69, 'BOUCHENE Chafik', 'Villa 43 A Lot Le Grand Foyer Les Eucalyptus', ' | Pediatrie', 'LES EUCALYPTUS', 'BARAKI', '021 50 13 95', NULL, NULL, NULL, NULL, 36.662936, 3.16065),
(70, 'OUELHI Allaoua', 'Cite Jolie Vue 2, Kouba', ' | Pediatrie', 'KOUBA', 'HUSSEIN DEY', '021 58 81 45', NULL, NULL, NULL, NULL, 36.72239, 3.073575),
(71, 'MECIF Fatiha', 'CITE GARIDI 1 BT 2 KOUBA', ' | Pediatrie', 'KOUBA', 'HUSSEIN DEY', '021 28 56 64', NULL, NULL, NULL, NULL, 36.7130355, 3.0851336),
(72, 'MALEK Ahmed', '6,RUE DES FRERES HAMIA Kouba', ' | Pediatrie', 'KOUBA', 'HUSSEIN DEY', '021 29 84 25', NULL, NULL, NULL, NULL, 36.7330442, 3.0856073),
(73, 'HASNAOUI Houria', 'CITE BEN OMAR BT A4 KOUBA', ' | Pediatrie', 'KOUBA', 'HUSSEIN DEY', '021 28 86 88', NULL, NULL, NULL, NULL, 36.7130355, 3.0851336),
(74, 'NIA Nasser', '01, rue Rabah Bessas Bab El Oued', ' | Pediatrie', 'BAB EL OUAD', 'BAB EL OUAD', '021 96 45 33', NULL, NULL, NULL, NULL, 36.7923392, 3.0475111),
(75, 'FORTAS Cherifa', '11, Rue Abderrahmane Hami B.E.O', ' | Pediatrie', 'BAB EL OUAD', 'BAB EL OUAD', '021 96 91 07', NULL, NULL, NULL, NULL, 36.7920194, 3.0501524),
(76, 'BENDEDDOUCHE Amine', 'Djenane Mabrouk ain Benian', ' | Pediatrie', 'AIN BENIAN', 'CHERAGA ', '021 30 54 49', NULL, NULL, NULL, NULL, 36.80146, 2.927676),
(77, 'BENALI Abderrazak', 'Ain Benian cite', ' | Pediatrie', 'AIN BENIAN', 'CHERAGA ', '021 30 50 90', NULL, NULL, NULL, NULL, 36.798955, 2.925167),
(78, 'MESSAOUDI Lhachemi', 'Cite De L\'Hopital N 41 Rouiba', ' | Pediatrie', 'ROUIBA', 'ROUIBA', '021 81 24 81', NULL, NULL, NULL, NULL, 36.7364186, 3.2857151),
(79, 'YAMOUN Rachid', 'Cite le Sahel Bt A 8 Bouzareah', ' | Pediatrie', 'BOUZAREAH', 'BOUZAREAH', '021 94 10 59', NULL, NULL, NULL, NULL, 36.7797575, 2.9998667),
(80, 'AMROUCHE Ouarda', '117, Bis Rue Remli Ali Bouzareah', ' | Pediatrie', 'BOUZAREAH', 'BOUZAREAH', '021 90 37 25', NULL, NULL, NULL, NULL, 36.7808762, 3.0108869),
(81, 'MELOUK Mahieddine', 'Cite Des 252 Logts Cnep Bt 13 Birtouta', ' | Pediatrie', 'BIRTOUTA', 'BIRTOUTA', '021 41 96 21', NULL, NULL, NULL, NULL, 36.644896, 2.996494),
(82, 'HADDAD ep MEKI Lamia', 'Rue Bouchenafa Mohamed, Alger 16013', ' | Pediatrie', 'SIDI M\'HAMED', 'SIDI M\'HAMED', '021 44 41 31', NULL, NULL, NULL, NULL, 36.7557836, 3.0622741),
(83, 'MOHAND KACI Farida', '98 Rue Didouche Mourad, Alger 16000', ' | Pediatrie', 'ALGER CENTRE ', 'SIDI M\'HAMED', '021 55 52 69', NULL, NULL, NULL, NULL, 36.7651735, 3.0492005),
(84, 'HARRAR Aida', 'El Biar,Alger', ' | Pediatrie', 'EL BIAR', 'BOUZAREAH', '021 44 88 06', NULL, NULL, NULL, NULL, 36.7690092, 3.0309946),
(85, 'CHERIFA Reda', '78 Didouche Mourad Street, Alger 16001', ' | Pediatrie', 'ALGER CENTRE ', 'SIDI M\'HAMED', '021 55 55 72', NULL, NULL, NULL, NULL, 36.7681883, 3.0540195),
(86, 'BOUDJELLI Abdelhakim', '57 rue Mohamed Belouizdad, 1er Mai, Alger', ' | Pediatrie', 'BELOUIZDA', 'HUSSEIN DEY', '021 55 45 77', NULL, NULL, NULL, NULL, 36.7600796, 3.0567591),
(87, 'MOULAI Fatiha', '40 Rue Larbi Ben M\'hidi, Alger Ctre 16000', ' | Pediatrie', 'ALGER CENTRE ', 'SIDI M\'HAMED', '021 44 50 19', NULL, NULL, NULL, NULL, 36.777445, 3.057981),
(88, 'KADACHE Mehdia', 'n 05, Rue El Arbi Mansouri, Kouba', ' | Pediatrie', 'KOUBA', 'HUSSEIN DEY', '021 91 36 79', NULL, NULL, NULL, NULL, 36.7334827, 3.0838656),
(89, 'BENHACINE Mohamed', 'Villa 19B val, Hydra', ' | Pediatrie', 'HYDRA', 'BIR MOURAD RAIS', '021 92 46 78', NULL, NULL, NULL, NULL, 36.7545019, 3.0039489),
(90, 'DJABALI Nadia', '16007? Algeria, Bayrut', ' | Pediatrie', 'BAB EL OUED', 'BAB EL OUED', '021 41 81 49', NULL, NULL, NULL, NULL, 33.8902583, 35.4911088),
(91, 'LICHANI - MOGHRANI Ahlem', 'Bab Ezzouar,Alger', ' | Pediatrie', 'BAB EZZOUAR', 'DAR EL BEIDA', '021 36 72 97', NULL, NULL, NULL, NULL, 36.7206251, 3.1854975),
(92, 'HABEL Yamina', 'N 2 cite CNEP 150 logts d\'alger, Route, Kolea', ' | Pediatrie', 'KOLEA ', 'KOLEA', '021 36 61 52', NULL, NULL, NULL, NULL, 36.643801, 2.774309),
(93, 'KERBACHE Ratiba', 'Djasr Kasentina, Algerie', ' | Pediatrie', 'GUE DE CONSTANTINE ', 'BIR MOURAD RAIS', '021 36 06 89', NULL, NULL, NULL, NULL, 36.698133, 3.079612),
(94, 'BENNACEUR Meriam', 'Cite Krim Belkacem Bt. 5, Appt. 1, Bir Mourad Rais', ' | Pediatrie', 'BIR MOURAD RAIS', 'BIR MOURAD RAIS', '021 95 88 98', NULL, NULL, NULL, NULL, 36.7336293, 3.0572698),
(95, 'BELATECHE nee REGUIG Nadyla', 'CITE OUMEKHLOUF EGECO BT 7 N 4 BOUROUBA? ALGER 16016', ' | Pediatrie', 'BOUROUBA', 'EL-HARRACH', '021 37 39 17', NULL, NULL, NULL, NULL, 36.719359, 3.113817),
(96, 'HOCINE Mahmoud', 'W142, Ouled Fayet 16095', ' | Pediatrie', 'OULED FAYET', 'CHERAGA ', '021 39 53 42', NULL, NULL, NULL, NULL, 36.7255759, 2.9547581),
(97, 'BAADJ-HAMMOUCHE Ouahiba', 'Rue Freres Djilali, Birkhadem, Alger', ' | Pediatrie', 'BIRKHADEM', 'BIR MOURAD RAIS', '021 39 30 60', NULL, NULL, NULL, NULL, 36.7234479, 3.0513987),
(98, 'BOUDJEMAA Boualem', 'Bab El Oued,Alger', ' | Pediatrie', 'BAB EL OUAD', 'BAB EL OUAD', '021 70 96 48', NULL, NULL, NULL, NULL, 36.7927594, 3.0513601),
(99, 'LAOUFI Yamina', '5Rue Ibrahim Hadjeras 16206 Beni Messous Algerie', ' | Pediatrie', 'BENI MESSOUS', 'BOUZAREAH', '021 79 49 88', NULL, NULL, NULL, NULL, 36.780579, 2.98102),
(100, 'KAHLI Khebouza', 'Dely Ibrahim,Alger', ' | Pediatrie', 'DELY IBRAHIM', 'CHERAGA ', '021 90 91 48', NULL, NULL, NULL, NULL, 36.7528506, 2.9800558),
(101, 'OUAFI MEDJDEN Saida', 'Cite 384 Logements, BAT B4, Appart N 4, Bir Mourad Rais', ' | Pediatrie', 'BIR MOURAD RAIS', 'BIR MOURAD RAIS', '0021 83 71 41', NULL, NULL, NULL, NULL, 36.737131, 3.033807),
(102, 'BENHASSINE Mohamed Lamire', 'Boulevard Des Martyrs, Sidi M\'Hamed', ' | Pediatrie', 'SIDI M\'HAMED', 'SIDI M\'HAMED', '021 92 46 78', NULL, NULL, NULL, NULL, 36.7502367, 3.0583624),
(103, 'SABOUR Fatiha', 'Avenue des Freres Abdeslami, Kouba', ' | Pediatrie', 'KOUBA', 'HUSSEIN DEY', '0662 10 90 06', NULL, NULL, NULL, NULL, 36.7292922, 3.0799726),
(104, 'ABDELOUAHAB Ouahiba', 'Baba Hassen,Alger', ' | Medcine generale', 'BABA HASSEN', 'DRARIA', '021 96 70 15', NULL, NULL, NULL, NULL, 36.6943775, 2.9731072),
(105, 'ABLOUL Faiza', '48, Rue victor despie. Hai El Badr. Kouba. Alger', ' | Medcine generale', 'KOUBA', 'HUSSEIN DEY', '021 21 78 88', NULL, NULL, NULL, NULL, 36.7207735, 3.0932616),
(106, 'ACHOUR Lila', 'Bab El Oued 16001', ' | Medcine generale', 'BAB EL OUED', 'BAB EL OUED', '021 82 43 29', NULL, NULL, NULL, NULL, 36.7927594, 3.0513601),
(107, 'AISSANI Khadija', 'Bab Ezzouar,Alger', ' | Medcine generale', 'BAB EZZOUAR', 'DAR EL BEIDA', '021 86 38 56', NULL, NULL, NULL, NULL, 36.7206251, 3.1854975),
(108, 'AIT DJOUDI OUFELLA El hadj', 'Rue Hassiba Ben Bouali, Dely Ibrahim,Alger', ' | Medcine generale', 'DELY IBRAHIM', 'CHERAGA', '021 43 43 64', NULL, NULL, NULL, NULL, 36.7712616, 3.001562),
(109, 'AIT SAID Djaffar', 'Bordj El Kiffan,Alger', ' | Medcine generale', 'BORDJ EL KIFFAN', 'DAR EL BEIDA', '021 71 65 27', NULL, NULL, NULL, NULL, 36.747187, 3.190432),
(110, 'AIT SAID Hocine', '21 Bouhamidi, Ave Mahmoud Boudjatit', ' | Medcine generale', 'ALGER CENTRE', 'SIDI M\'HAMED', '021 52 41 56', NULL, NULL, NULL, NULL, 36.7769128, 3.0563436),
(111, 'ALI BEY Smain', 'H5 - Cite MALKI _ BEN AKNOUN? ALGER 16031', ' | Medcine generale', 'BEN AKNOUN', 'BOUZAREAH', '021 37 58 49', NULL, NULL, NULL, NULL, 36.7532925, 3.0238349),
(112, 'ALI Nadji', 'Sidi M\'Hamed 16000,Alger', ' | Medcine generale', 'SIDI M\'HAMED', 'SIDI M\'HAMED', '021 30 44 81/0770 20 00 15', NULL, NULL, NULL, NULL, 36.7519841, 3.0540125),
(113, 'AMARA Nourdinne', 'Bouzareah,Alger', ' | Medcine generale', 'BOUZAREAH', 'BOUZAREAH', '021 77 61 07', NULL, NULL, NULL, NULL, 36.7816379, 3.0125674),
(114, 'AMARA Said', 'Les Asphodeles? Ben Aknoun', ' | Medcine generale', 'BEN AKNOUN', 'BOUZAREAH', '021 69 03 96', NULL, NULL, NULL, NULL, 36.761141, 3.012524),
(115, 'AIT GHEZALA Noura', '24 Rue Colonel Lotfi, Ain Taya, Algerie', ' | Medcine generale', 'AIN TAYA', 'DAR EL BEIDA', '0540 10 18 38', NULL, NULL, NULL, NULL, 36.788918, 3.284842),
(116, 'GOUADER Moussa', 'cite des faleses Rd Ain Taya? Ain Taya', ' | Medcine generale', 'AIN TAYA', 'DAR EL BEIDA', '021 23 70 31', NULL, NULL, NULL, NULL, 36.796321, 3.287199),
(117, 'BOURADA nee LAGGOUN Amina', 'Rue Assas Ahmed Lot 252 Baraki', ' | Medcine generale', 'BARAKI', 'BARAKI', '0550 47 71 97', NULL, NULL, NULL, NULL, 36.0697725, 4.7571303),
(118, 'LAKEHAL Farid', '98 LOT DJENANE EL MABROUK Bachdjerah', ' | Medcine generale', 'BACHDJERAH', 'EL-HARRACH', '023 29 02 88', NULL, NULL, NULL, NULL, 36.7227611, 3.1286211),
(119, 'ABOUTITE Farida', 'Cite Des 300 Logts Bab Ezzouar', ' | Medcine generale', 'BAB EZZOUAR', 'DAR EL BEIDA', '0791 85 11 46', NULL, NULL, NULL, NULL, 36.7946891, 3.2593105),
(120, 'TERKMANE BACHIR', '9, Rue Ahmed AOUNE El Harrach', ' | Medcine generale', 'EL HARRACH', 'EL-HARRACH', '0552 29 69 67', NULL, NULL, NULL, NULL, 36.720713, 3.1430904),
(121, 'BASSA Abdelkerim', 'Rue Slimane HANAFI, El-Harrach', ' | Medcine generale', 'EL HARRACH', 'EL-HARRACH', '021 26 54 56', NULL, NULL, NULL, NULL, 36.719368, 3.145751),
(122, 'BAKIR Djamal', 'Cite Al Hayet, Djasr Kasentina', ' | Medcine generale', 'GUE DE CONSTANTINE', 'BIR MOURAD RAIS', '021 69 84 16', NULL, NULL, NULL, NULL, 36.703743, 3.092767),
(123, 'FERNINI Tarik', 'Cite 237 Logts Ain Naadja', ' | Medcine generale', 'GUE DE CONSTANTINE', 'BIR MOURAD RAIS', '0770 60 04 43', NULL, NULL, NULL, NULL, 36.70211, 3.072923),
(124, 'MESSAOUDI Fatiha', 'Cite630 Logts Ain Naadja batiment A2', ' | Medcine generale', 'GUE DE CONSTANTINE', 'BIR MOURAD RAIS', '021 32 86 58', NULL, NULL, NULL, NULL, 36.706082, 3.084014),
(125, 'ASSAL Said', '180 Logements bab ezzouar batiment 9', ' | Medcine generale', 'BAB EZZOUAR', 'DAR EL BEIDA', '021 32 07 09', NULL, NULL, NULL, NULL, 36.717275, 3.176883),
(126, 'GHEZALI Lakhdar', 'Cite Du Mai 45 Bab Ezzouar', ' | Medcine generale', 'BAB EZZOUAR', 'DAR EL BEIDA', '021 39 13 33', NULL, NULL, NULL, NULL, 36.73719, 3.186185),
(127, 'CHERRAK Rachid', 'Cite Des 2248 Logts Ain Naadja', ' | Medcine generale', 'GUE DE CONSTANTINE', 'BIR MOURAD RAIS', '0660 50 47 08', NULL, NULL, NULL, NULL, 36.705466, 3.084165),
(128, 'BELANTEUR Ahmed', 'Cite Des Freres Abbes Dar El Beida', ' | Medcine generale', 'DAR EL BEIDA', 'DAR EL BEIDA', '021 39 20 68', NULL, NULL, NULL, NULL, 36.7168772, 3.2110069),
(129, 'MEZOUAR Abdelkrim', '11 LOTISSEMENT ALI SADEK II RN 5, Bordj El Kiffan', ' | Medcine generale', 'BORDJ EL KIFFAN', 'DAR EL BEIDA', '021 35 70 80', NULL, NULL, NULL, NULL, 36.730151, 3.216223),
(130, 'LOUNIS Azziz', 'CITE BACHDJARAH 1 batiment 35', ' | Medcine generale', 'BACHDJERAH', 'EL-HARRACH', '021 35 72 59', NULL, NULL, NULL, NULL, 36.719937, 3.128931),
(131, 'ZERAOULIA Akila', '7 Rue Daib Aissa Bordj El Kiffan', ' | Medcine generale', 'BORDJ EL KIFFAN', 'DAR EL BEIDA', '021 71 30 26', NULL, NULL, NULL, NULL, 36.7400352, 3.187461),
(132, 'MADAOUI Bahia', 'LA MONTAGNE Bourouba batiment 4', ' | Medcine generale', 'BOUROUBA', 'EL-HARRACH', '021 70 65 45', NULL, NULL, NULL, NULL, 36.713547, 3.111617),
(133, 'OUALI Amina', '10 Rue Nacer Agoulmine, Kouba', ' | Medcine generale', 'KOUBA', 'HUSSEIN DEY', '021 38 60 21', NULL, NULL, NULL, NULL, 36.72799, 3.07861),
(134, 'ASSAM Malika', '23,Rue TRIPOLI Hussein Dey', ' | Medcine generale', 'HUSSEIN DEY', 'HUSSEIN DEY', '021 36 81 31', NULL, NULL, NULL, NULL, 36.7433189, 3.0970509),
(135, 'GASMI Mouloud', 'batiment 5 Hamma Annasser', ' | Medcine generale', 'EL HAMMA', 'HUSSEIN DEY', '021 97 23 68', NULL, NULL, NULL, NULL, 36.744947, 3.081123),
(136, 'ESSED Abdenour', 'Cite HLM Hamma Annasser', ' | Medcine generale', 'EL HAMMA', 'HUSSEIN DEY', '021 97 35 87', NULL, NULL, NULL, NULL, 36.74744, 3.070802),
(137, 'NAIT KACI Lounes', '34 Rue Med Belouizdad Hamma Annasser', ' | Medcine generale', 'EL HAMMA', 'HUSSEIN DEY', '021 69 45 07', NULL, NULL, NULL, NULL, 36.7484043, 3.075778),
(138, 'LANEZ BRAHIMI Fadhila', '37 Rue med belouizdad Hamma Annasser', ' | Medcine generale', 'EL HAMMA', 'HUSSEIN DEY', '021 60 98 38', NULL, NULL, NULL, NULL, 36.7484043, 3.075778),
(139, 'HAOUED Khadidja', '25 Rue Med Belouizdad,alger', ' | Medcine generale', 'EL HAMMA', 'HUSSEIN DEY', '021 59 14 26', NULL, NULL, NULL, NULL, 36.758379, 3.056401),
(140, 'CHADER Lyda', '7 Rue Faycal Mebarek Sidi M\'Hamed', ' | Medcine generale', 'SIDI M\'HAMED', 'SIDI M\'HAMED', '021 69 35 03', NULL, NULL, NULL, NULL, 36.754174, 3.059185),
(141, 'BENGUETTAT Zine Eddine', 'CITE DES ANNASSERS Batiment 303 KOUBA', ' | Medcine generale', 'KOUBA', 'HUSSEIN DEY', '021 60 47 74', NULL, NULL, NULL, NULL, 36.734181, 3.065974),
(142, 'BELGRADE Aichouche', 'CITE GARIDI II BT 79 Kouba', ' | Medcine generale', 'KOUBA', 'HUSSEIN DEY', '021 60 78 69', NULL, NULL, NULL, NULL, 36.7130355, 3.0851336),
(143, 'MOKRANI Mohamed', 'Rue Mohamed KHAOUARIZMI, Kouba', ' | Medcine generale', 'KOUBA', 'HUSSEIN DEY', '021 95 92 92', NULL, NULL, NULL, NULL, 36.735322, 3.083612),
(144, 'BOUKADOUM Sihem', 'PARC Ben Omar Villa N 194 Kouba', ' | Medcine generale', 'KOUBA', 'HUSSEIN DEY', '021 95 85 44', NULL, NULL, NULL, NULL, 36.7254927, 3.0912254),
(145, 'MADJOUR Arezki', '35 Rue Zoubir ZAMALI, Kouba', ' | Medcine generale', 'KOUBA', 'HUSSEIN DEY', '021 69 08 10', NULL, NULL, NULL, NULL, 36.730294, 3.083033),
(146, 'DRIF Boualem', 'cite mitidja Bt W N  01, Rouiba', ' | Medcine generale', 'ROUIBA', 'ROUIBA', '021 69 95 30', NULL, NULL, NULL, NULL, 36.739228, 3.27755),
(147, 'BENHAMED Larbi Mohamed', '6 Rue Drif Rouiba', ' | Medcine generale', 'ROUIBA', 'ROUIBA', '021 27 08 19', NULL, NULL, NULL, NULL, 36.7390353, 3.2840306),
(148, 'SABER CHERIF Yamina', 'Cite 632 logements Mohammadia', ' | Medcine generale', 'MOHAMMADIA', 'DAR EL BEIDA', '021 69 97 32', NULL, NULL, NULL, NULL, 36.729538, 3.147165),
(149, 'BENKHALFAT Ahmed Reza', 'PINS MARITIMES Mohammadia', ' | Medcine generale', 'MOHAMMADIA', 'DAR EL BEIDA', '021 69 97 32', NULL, NULL, NULL, NULL, 36.737627, 3.154732),
(150, 'BENIMAM Kheira', 'Villa 43 A Lot Le Grand Foyer Les Eucalyptus', ' | Medcine generale', 'LES EUCALYPTUS', 'BARAKI', '021 27 64 43', NULL, NULL, NULL, NULL, 36.669476, 3.165499),
(151, 'TALAHADJ Kamel', 'N 16,FERME PORTELLA GARIDI(JOLIE VUE II) Kouba', ' | Medcine generale', 'KOUBA', 'HUSSEIN DEY', '021 79 56 73', NULL, NULL, NULL, NULL, 36.726515, 3.066678),
(152, 'REDJIMI Chafia', 'CITE GARIDI 1 BT 2 KOUBA', ' | Medcine generale', 'KOUBA', 'HUSSEIN DEY', '021 72 26 46', NULL, NULL, NULL, NULL, 36.7130355, 3.0851336),
(153, 'BOUKHOBZA Benamar', '6,RUE DES FRERES HAMIA Kouba', ' | Medcine generale', 'KOUBA', 'HUSSEIN DEY', '021 92 56 61', NULL, NULL, NULL, NULL, 36.7330442, 3.0856073),
(154, 'HADDADI Fadhila', 'CITE BEN OMAR BT A4 KOUBA', ' | Medcine generale', 'KOUBA', 'HUSSEIN DEY', '021 30 07 35', NULL, NULL, NULL, NULL, 36.7130355, 3.0851336),
(155, 'BABA ALI Saadeddine', '01, rue Rabah Bessas Bab El Oued', ' | Medcine generale', 'BAB EL OUED', 'BAB EL OUED', '021 37 04 46', NULL, NULL, NULL, NULL, 36.7923392, 3.0475111),
(156, 'ZEBDI Larbi', '11, Rue Abderrahmane Hami B.E.O', ' | Medcine generale', 'BAB EL OUED', 'BAB EL OUED', '021 35 38 01', NULL, NULL, NULL, NULL, 36.7920194, 3.0501524),
(157, 'SAIBI Latifa', 'Lot B Villa N  37 Djenane Mabrouk ain Benian', ' | Medcine generale', 'AIN BENIAN', 'CHERAGA', '021 35 50 25', NULL, NULL, NULL, NULL, 36.724069, 3.125015),
(158, 'KESSAL Djillali', 'Cite du 1Er Nov Bt 8 N  4 Ain Benian', ' | Medcine generale', 'AIN BENIAN', 'CHERAGA', '021 35 54 01', NULL, NULL, NULL, NULL, 36.797286, 2.914595),
(159, 'BASSA Abdelkrim', 'Cite De L\'Hopital N 41 Rouiba', ' | Medcine generale', 'ROUIBA', 'ROUIBA', '021 35 38 80', NULL, NULL, NULL, NULL, 36.7364186, 3.2857151),
(160, 'ARBID Abdelouahab', 'Cite le Sahel Bt A 8 Bouzareah', ' | Medcine generale', 'BOUZAREAH', 'BOUZAREAH', '021 35 43 36', NULL, NULL, NULL, NULL, 36.7797575, 2.9998667),
(161, 'SID Aissa', '117, Bis Rue Remli Ali Bouzareah', ' | Medcine generale', 'BOUZAREAH', 'BOUZAREAH', '021 41 84 59', NULL, NULL, NULL, NULL, 36.7808762, 3.0108869),
(162, 'GUEDDOUM Salima', 'Cite Des 252 Logts Cnep Bt 13 Birtouta', ' | Medcine generale', 'BIRTOUTA', 'BIRTOUTA', '021 41 81 32', NULL, NULL, NULL, NULL, 36.646575, 3.049089),
(163, 'CHERRARED Brahim', 'Rue Bouchenafa Mohamed, Alger 16014', ' | Medcine generale', 'ALGER CENTRE', 'SIDI M\'HAMED', '021 41 81 04', NULL, NULL, NULL, NULL, 36.7557836, 3.0622741),
(164, 'HANSAL Fazia', '99 Rue Didouche Mourad, Alger 16000', ' | Medcine generale', 'ALGER CENTRE', 'SIDI M\'HAMED', '021 86 66 58', NULL, NULL, NULL, NULL, 36.7644829, 3.048799),
(165, 'KHERIBECHE Djamila', 'El Biar,Alger', ' | Medcine generale', 'EL BIAR', 'BOUZAREAH', '021 86 66 58', NULL, NULL, NULL, NULL, 36.7690092, 3.0309946),
(166, 'MORSI Toufik', '79 Didouche Mourad Street, Alger 16001', ' | Medcine generale', 'ALGER CENTRE', 'SIDI M\'HAMED', '021 86 72 03', NULL, NULL, NULL, NULL, 36.7681883, 3.0540195),
(167, 'BELACEL Ahmed', '58 rue Mohamed Belouizdad, 1er Mai, Alger', ' | Medcine generale', 'ALGER CENTRE', 'SIDI M\'HAMED', '021 24 18 75', NULL, NULL, NULL, NULL, 36.7600796, 3.0567591),
(168, 'BELACEL Arezki', '41 Rue Larbi Ben M\'hidi, Alger Ctre 16000', ' | Medcine generale', 'ALGER CENTRE', 'SIDI M\'HAMED', '021 24 18 75', NULL, NULL, NULL, NULL, 36.775319, 3.058339),
(169, 'BENMANSOUR Aomar', 'n 05, Rue El Arbi Mansouri, Kouba', ' | Medcine generale', 'KOUBA', 'HUSSEIN DEY', '021 21 36 34', NULL, NULL, NULL, NULL, 36.7334827, 3.0838656),
(170, 'BOUDENE Haroun', 'Villa 19B val, Hydra', ' | Medcine generale', 'HYDRA', 'BIR MOURAD RAIS', '021 24 80 44', NULL, NULL, NULL, NULL, 36.7545019, 3.0039489),
(171, 'BOUGHACHA Fatiha', '16007? Algeria, Bayrut', ' | Medcine generale', 'ALGER CENTRE', 'SIDI M\'HAMED', '021 24 27 43', NULL, NULL, NULL, NULL, 33.8902583, 35.4911088),
(172, 'DELIBA Fatiha', 'Bab Ezzouar,Alger', ' | Medcine generale', 'BAB EZZOUAR', 'DAR EL BEIDA', '021 24 40 94', NULL, NULL, NULL, NULL, 36.7206251, 3.1854975),
(173, 'DJEDDI Nadira', 'N 2 cite CNEP 150 logts d\'alger, Route, Kolea', ' | Medcine generale', 'KOLEA', 'KOLEA', '021 24 29 07', NULL, NULL, NULL, NULL, 36.643041, 2.774462),
(174, 'FERHAT Missoum', 'Cite 17octobre 1961.Bt21? Djasr Kasentina', ' | Medcine generale', 'GUE DE CONSTANTINE', 'BIR MOURAD RAIS', '021 51 74 13', NULL, NULL, NULL, NULL, 36.699239, 3.084786),
(175, 'HABBAS Noureddine', 'Cite Krim Belkacem Bt. 5, Appt. 1, Bir Mourad Rais', ' | Medcine generale', 'BIR MOURAD RAIS', 'BIR MOURAD RAIS', '021 24 87 69', NULL, NULL, NULL, NULL, 36.7336293, 3.0572698),
(176, 'HAGUI Lilla', 'batiment 7 n4 EGECO BOUROUBA ALGER 16018', ' | Medcine generale', 'BOUROUBA', 'EL-HARRACH', '021 51 07 07', NULL, NULL, NULL, NULL, 36.717002, 3.111922),
(177, 'KOHIL Abdelhafid', 'W142, Ouled Fayet 16096', ' | Medcine generale', 'OULED FAYET ', 'CHERAGA', '021 24 38 76', NULL, NULL, NULL, NULL, 36.7255759, 2.9547581),
(178, 'MISSOUM Ferhat', 'Rue Freres Djilali, Birkhadem, Alger', ' | Medcine generale', 'BIRKHADEM', 'BIR MOURAD RAIS', '021 51 74 13', NULL, NULL, NULL, NULL, 36.7234479, 3.0513987),
(179, 'BAYOU Djamel', 'Bab El Oued,Alger', ' | Medcine generale', 'BAB EL OUED', 'BAB EL OUED', '021 26 67 29', NULL, NULL, NULL, NULL, 36.7927594, 3.0513601),
(180, 'AIT SAID Madjid', '6 Rue Ibrahim HADJReS Beni Messous', ' | Medcine generale', 'BENI MESSOUS ', 'BOUZAREAH', '021 26 29 52', NULL, NULL, NULL, NULL, 36.780764, 2.981543),
(181, 'ABTROUN Zedjiga', 'Dely Ibrahim,Alger', ' | Medcine generale', 'DELY IBRAHIM', 'CHERAGA', '021 26 20 43', NULL, NULL, NULL, NULL, 36.7528506, 2.9800558),
(182, 'ZAIDI Hamida', 'Cite 384 Logements, BAT B4, Appart N 4, Bir Mourad Rais', ' | Medcine generale', 'BIR MOURAD RAIS', 'BIR MOURAD RAIS', '021 24 15 97', NULL, NULL, NULL, NULL, 36.737054, 3.033796),
(183, 'RABIA Mokhtar', 'Boulevard Des Martyrs, Sidi M\'Hamed', ' | Medcine generale', 'SIDI M\'HAMED', 'SIDI M\'HAMED', '021 24 37 17', NULL, NULL, NULL, NULL, 36.7502367, 3.0583624),
(184, 'ISSOLAH Mohamed Lyes', 'Avenue des Freres Abdeslami, Kouba', ' | Medcine generale', 'KOUBA', 'HUSSEIN DEY', '021 58 18 30', NULL, NULL, NULL, NULL, 36.7292922, 3.0799726),
(185, 'FLISSI SAYOUD Safia', 'Baba Hassen,Alger', ' | Medcine generale', 'BABA HASSEN', 'DRARIA', '021 26 26 16', NULL, NULL, NULL, NULL, 36.6943775, 2.9731072),
(186, 'BOUATTOURA Zoubir', '48, Rue victor despie. Hai El Badr. Kouba. Alger', ' | Medcine generale', 'KOUBA', 'HUSSEIN DEY', '021 26 14 87', NULL, NULL, NULL, NULL, 36.7207735, 3.0932616),
(187, 'BOUAFFIA Hadda', 'Bab El Oued 16002', ' | Medcine generale', 'BAB EL OUED', 'BAB EL OUED', '021 26 45 24', NULL, NULL, NULL, NULL, 36.7927594, 3.0513601),
(188, 'BENZIANE Abdelkader', 'Bab Ezzouar,Alger', ' | Medcine generale', 'BAB EZZOUAR', 'DAR EL BEIDA', '021 26 34 03', NULL, NULL, NULL, NULL, 36.7206251, 3.1854975),
(189, 'BENNOUR Mouloud', 'Rue Hassiba Ben Bouali, Dely Ibrahim,Alger', ' | Medcine generale', 'DELY IBRAHIM', 'CHERAGA', '021 26 17 77', NULL, NULL, NULL, NULL, 36.7712616, 3.001562),
(190, 'BEN LMOKHTAR Mericha', '31 Rue HANIN bel air 1 1 etage BACH DJARAH', ' | Medcine generale', 'BACHDJERAH', 'EL-HARRACH', '0771 73 25 38', NULL, NULL, NULL, NULL, 36.726767, 3.118282),
(191, 'BELASLOUNI Harkati', 'Cite Bachdjarah Bt62 1 Bach Djarah', ' | Medcine generale', 'BACHDJERAH', 'EL-HARRACH', '021 26 26 90', NULL, NULL, NULL, NULL, 36.723465, 3.116737),
(192, 'BEKKAT Rima', 'Cite Bachdjarah Bt42', ' | Medcine generale', 'BACHDJERAH', 'EL-HARRACH', '021 26 28 21', NULL, NULL, NULL, NULL, 36.720575, 3.111588),
(193, 'BOUGHADOU Nasereddine', 'Lot 146 route de l\'Arbaa Baraki', ' | Medcine generale', 'BARAKI', 'BARAKI', '021 52 12 13', NULL, NULL, NULL, NULL, 36.6646492, 3.0921993),
(194, 'BAROUK Brahim', 'Lot 219, 38 Rue Ahmed Assas Baraki', ' | Medcine generale', 'BARAKI', 'BARAKI', '021 53 28 78', NULL, NULL, NULL, NULL, 36.0697725, 4.7571303),
(195, 'MOUHOUBI HAFID Salima', 'CITE DNC BADJARAH Bt 41', ' | Medcine generale', 'BACHDJERAH', 'EL-HARRACH', '021 26 29 90', NULL, NULL, NULL, NULL, 36.723233, 3.108585),
(196, 'GHELLAB Aldjia', 'Cite Benghazi N  17 A Baraki', ' | Medcine generale', 'BARAKI', 'BARAKI', '021 53 25 31', NULL, NULL, NULL, NULL, 36.668466, 3.098712),
(197, 'NENNOUCHE Othmane', 'Cite El Merdja A N  3 Baraki', ' | Medcine generale', 'BARAKI', 'BARAKI', '021 53 31 18', NULL, NULL, NULL, NULL, 36.665515, 3.115352),
(198, 'MOKHTARI - ZAIR Fatiha', 'Rue Si Lakhdar Bordj El Bahri', ' | Medcine generale', 'BORDJ EL BAHRI', 'DAR EL BEIDA', '021 86 10 18', NULL, NULL, NULL, NULL, 36.777273, 3.24143),
(199, 'AOUDIA Ghenima', 'Impasse De La Mosquee Bordj El Bahri', ' | Medcine generale', 'BORDJ EL BAHRI', 'DAR EL BEIDA', '021 86 15 39', NULL, NULL, NULL, NULL, 36.7906358, 3.2839495),
(200, 'HALI Kamel', 'cite dessolier bloc C n  13 Bourouba', ' | Medcine generale', 'BOUROUBA', 'EL-HARRACH', '021 82 43 15', NULL, NULL, NULL, NULL, 36.723639, 3.142118),
(201, 'GHERBI Tadj Eddine', 'Cite Fida Bloc 3 N 14 Bourouba', ' | Medcine generale', 'BOUROUBA', 'EL-HARRACH', '021 82 50 12', NULL, NULL, NULL, NULL, 36.728029, 3.127445),
(202, 'ABDELKADER Kamel', 'CITE HAI EL FIDA N 532 Bourouba', ' | Medcine generale', 'BOUROUBA', 'EL-HARRACH', '021 82 69 26', NULL, NULL, NULL, NULL, 36.717553, 3.129361),
(203, 'BOUKHRISSA Ahmed', 'Cite mimouni A5 lot N  37 borj el kiffan, Bordj El Kiffan', ' | Medcine generale', 'BORDJ EL KIFFAN', 'DAR EL BEIDA', '021 21 43 63', NULL, NULL, NULL, NULL, 36.748946, 3.207283),
(204, 'ARHAB Farida', '107, Rue Larbi Tebessi Bordj El Kiffan', ' | Medcine generale', 'BORDJ EL KIFFAN', 'DAR EL BEIDA', '021 20 57 11', NULL, NULL, NULL, NULL, 36.7474427, 3.1854826),
(205, 'AIT SEGUER Leila', 'Verte Rive Bordj El Kiffan', ' | Medcine generale', 'BORDJ EL KIFFAN', 'DAR EL BEIDA', '021 20 30 51', NULL, NULL, NULL, NULL, 36.7548974, 3.2041588),
(206, 'AISSANI Rachid', '13,Rue Ouazene Bordj El Kiffan', ' | Medcine generale', 'BORDJ EL KIFFAN', 'DAR EL BEIDA', '021 20 43 11', NULL, NULL, NULL, NULL, 36.7516675, 3.2037287),
(207, 'BOUKHALFA Fatima Zohra', '1100 Logts Bt 15 Dar El Beida', ' | Medcine generale', 'DAR EL BEIDA', 'DAR EL BEIDA', '021 50 54 77', NULL, NULL, NULL, NULL, 36.712286, 3.218982),
(208, 'SIAGH Ali', 'bachdjerah 2 Batiment 5 Bourouba,Alger', ' | Medcine generale', 'BOUROUBA', 'EL-HARRACH', '021 26 91 96', NULL, NULL, NULL, NULL, 36.72091, 3.118347),
(209, 'SI HASSEN Abdennour', 'Cite la Montagne Bloc 2 H11 Bourouba', ' | Medcine generale', 'BOUROUBA', 'EL-HARRACH', '021 51 11 74', NULL, NULL, NULL, NULL, 36.710997, 3.11457),
(210, 'OUADAH-KHELLASSI Nadia', 'Cite la montagne Bloc 1 F n  11 Bourouba', ' | Medcine generale', 'BOUROUBA', 'EL-HARRACH', '021 51 11 42', NULL, NULL, NULL, NULL, 36.710997, 3.11457),
(211, 'MEHIDI Bahdja', 'Cite Dessoliers Bloc D N  24 Bourouba', ' | Medcine generale', 'BOUROUBA', 'EL-HARRACH', '021 82 19 18', NULL, NULL, NULL, NULL, 36.7199258, 3.129196),
(212, 'IFRAH Larbi', 'cite la montagne Bt 15 n 31 Bourouba', ' | Medcine generale', 'BOUROUBA', 'EL-HARRACH', '021 82 46 89', NULL, NULL, NULL, NULL, 36.710997, 3.11457),
(213, 'HAMOUCHE Mustapha', 'CITE DESSOLIERS E/42 Bourouba', ' | Medcine generale', 'BOUROUBA', 'EL-HARRACH', '021 51 15 50', NULL, NULL, NULL, NULL, 36.7199258, 3.129196),
(214, 'MEKKI Rym', 'Cite 1100 Logts 21 Appt N 5 Dar El Beida', ' | Medcine generale', 'DAR EL BEIDA', 'DAR EL BEIDA', '021 50 69 08', NULL, NULL, NULL, NULL, 33.5931688, -7.6028657),
(215, 'MAOUCHE Belkacem', '64, Avenue Mohammed Khemisti Dar El Beida', ' | Medcine generale', 'DAR EL BEIDA', 'DAR EL BEIDA', '021 50 70 85', NULL, NULL, NULL, NULL, 36.714621, 3.2100394),
(216, 'LAIMECHE Youcef', '81, Avenue Mohammed Khemisti Dar El Beida', ' | Medcine generale', 'DAR EL BEIDA', 'DAR EL BEIDA', '021 50 83 98', NULL, NULL, NULL, NULL, 36.714621, 3.2100394),
(217, 'KRIZOU Hacene', 'Lotissement EL Menferkha Dar El Beida', ' | Medcine generale', 'DAR EL BEIDA', 'DAR EL BEIDA', '021 50 62 03', NULL, NULL, NULL, NULL, 36.7151674, 3.2092194),
(218, 'KOURDALI Ahmed', 'Lot Abdouni N 14 Dar El Beida', ' | Medcine generale', 'DAR EL BEIDA', 'DAR EL BEIDA', '021 50 69 90', NULL, NULL, NULL, NULL, 36.721481, 3.205923),
(219, 'HAICHOUR Nora Farida', 'Impasse Mouloud Feraoune Dar El Beida', ' | Medcine generale', 'DAR EL BEIDA', 'DAR EL BEIDA', '021 50 67 18', NULL, NULL, NULL, NULL, 36.7151674, 3.2092194),
(220, 'BOUTARENE Djamila', 'Cite Du 1Er Novembre Bt C 17 Dar El Beida', ' | Medcine generale', 'DAR EL BEIDA', 'DAR EL BEIDA', '021 50 82 72', NULL, NULL, NULL, NULL, 36.7151674, 3.2092194),
(221, 'BOUROUIS Kamel', '02 Cite Des Freres Achouri Dar El Beida', ' | Medcine generale', 'DAR EL BEIDA', 'DAR EL BEIDA', '021 50 93 04', NULL, NULL, NULL, NULL, 36.7211631, 3.2091928),
(222, 'BOURAOUI Karima', 'cite 224 Logements Bt17N 2 Ain Naadja Djasr Kasentina', ' | Medcine generale', 'GUE DE CONSTANTINE', 'BIR MOURAD RAIS', '021 55 65 94', NULL, NULL, NULL, NULL, 36.705781, 3.082942),
(223, 'BOUKAOUMA Allaoua', 'Cite 2248 Logts Bt28 N 1 Ain Naadja Gue de constantine', ' | Medcine generale', 'GUE DE CONSTANTINE', 'BIR MOURAD RAIS', '021 22 11 94', NULL, NULL, NULL, NULL, 36.704749, 3.082684),
(224, 'BENSALEM Kamel', 'Cite 720 Logts Bt E 25 Ain Naadja Gue de constantine', ' | Medcine generale', 'GUE DE CONSTANTINE', 'BIR MOURAD RAIS', '021 22 20 59', NULL, NULL, NULL, NULL, 36.70475, 3.082685),
(225, 'BELARBI Chaabane', 'Cite2540Logts Bt B11 Ilot A10 Ain Naadja', ' | Medcine generale', 'GUE DE CONSTANTINE', 'BIR MOURAD RAIS', '021 55 63 13', NULL, NULL, NULL, NULL, 36.704751, 3.082686),
(226, 'BABA AMEUR Samir', 'Cite Du 17 Octobre 1961 Bt 6 N  41 Gue de constantine', ' | Medcine generale', 'GUE DE CONSTANTINE', 'BIR MOURAD RAIS', '021 83 70 72', NULL, NULL, NULL, NULL, 36.704752, 3.082687),
(227, 'ALI NeE BEKALEM Djamila', 'ite 720 Logts Bt32 N  5 Ain Naadja', ' | Medcine generale', 'GUE DE CONSTANTINE', 'BIR MOURAD RAIS', '021 22 29 48', NULL, NULL, NULL, NULL, 36.704753, 3.082688),
(228, 'ABDELOUAHAB Hamou', 'Tour 9 Appt 1 Cite 2248Logements Gue de constantine', ' | Medcine generale', 'GUE DE CONSTANTINE', 'BIR MOURAD RAIS', '021 22 18 03', NULL, NULL, NULL, NULL, 36.704754, 3.082689),
(229, 'OUALI Abdelhamid', 'Cite 520 Logts Bt 98 N 3 Gue de constantine', ' | Medcine generale', 'GUE DE CONSTANTINE', 'BIR MOURAD RAIS', '021 83 86 39', NULL, NULL, NULL, NULL, 36.704755, 3.08269),
(230, 'KHIARI Abdenour', 'Cite630Logts Bt A5N 2 Ain Naadja Gue de constantine', ' | Medcine generale', 'GUE DE CONSTANTINE', 'BIR MOURAD RAIS', '021 55 84 15', NULL, NULL, NULL, NULL, 36.704756, 3.082691),
(231, 'KHIARI Abdelatif', 'Cite630Logts Bt A5N 2 Ain Naadja', ' | Medcine generale', 'GUE DE CONSTANTINE', 'BIR MOURAD RAIS', '021 55 84 15', NULL, NULL, NULL, NULL, 36.704757, 3.082692),
(232, 'HADJARAB Hassan', 'CITE EL HAYET BT 20 Gue de constantine', ' | Medcine generale', 'GUE DE CONSTANTINE', 'BIR MOURAD RAIS', '021 83 65 91', NULL, NULL, NULL, NULL, 36.704758, 3.082693),
(233, 'MOUMENE Abdelghani', '14, Rue GHEBOUB Boualem El Harrach', ' | Medcine generale', 'EL-HARRACH', 'EL-HARRACH', '021 52 16 96', NULL, NULL, NULL, NULL, 36.7214411, 3.1417648),
(234, 'MELLAH Chahinez', 'Rue Mohamed BELKHACEM El-Harrach', ' | Medcine generale', 'EL-HARRACH', 'EL-HARRACH', '021 52 67 05', NULL, NULL, NULL, NULL, 36.728432, 3.136745),
(235, 'GUENNI Bourenane', '01, rue Bouzidi Said El Harrach', ' | Medcine generale', 'EL-HARRACH', 'EL-HARRACH', '021 82 38 18', NULL, NULL, NULL, NULL, 36.7111307, 3.1637219),
(236, 'BOUNOUAGA Mouloud', '08, Rue du 5 Juillet El Harrach', ' | Medcine generale', 'EL-HARRACH', 'EL-HARRACH', '021 82 33 35', NULL, NULL, NULL, NULL, 36.7206353, 3.1375237),
(237, 'BOUDOUCHA Abdeslam', '10, Rue du 5 Juillet El Harrach', ' | Medcine generale', 'EL-HARRACH', 'EL-HARRACH', '021 52 72 48', NULL, NULL, NULL, NULL, 36.7206353, 3.1375237),
(238, 'BENMOKHTAR Nora', '62 Rue Abderrahmane Belle-Vue El Harrach', ' | Medcine generale', 'EL-HARRACH', 'EL-HARRACH', '021 82 22 09', NULL, NULL, NULL, NULL, 36.75083, 3.057176),
(239, 'AIT-SAID Hocine', 'Rue Lala Fatima N\'SOUMEUR El-Harrach', ' | Medcine generale', 'EL-HARRACH', 'EL-HARRACH', '021 52 41 56', NULL, NULL, NULL, NULL, 36.722615, 3.144584),
(240, 'BOUDISSA Karim', '75 MARCHE COMMUNAL El Magharia', ' | Medcine generale', 'EL MAGHARIA', 'HUSSEIN DEY', '021 49 53 25', NULL, NULL, NULL, NULL, 36.732197, 3.11144),
(241, 'ALILI Mustapha', '40,Rue Med Azzoug El Magharia', ' | Medcine generale', 'EL MAGHARIA', 'HUSSEIN DEY', '021 77 07 10', NULL, NULL, NULL, NULL, 36.732391, 3.11017),
(242, 'ZANDOUCHE Lamia', '3 RUE SI HANAFI BELFORT El Harrach', ' | Medcine generale', 'EL-HARRACH', 'EL-HARRACH', '021 82 46 83', NULL, NULL, NULL, NULL, 36.719825, 3.145995),
(243, 'YAHIAOUI Abdelouahab', '64, Rue Ahmed AOUNE El Harrach', ' | Medcine generale', 'EL-HARRACH', 'EL-HARRACH', '021 52 29 20', NULL, NULL, NULL, NULL, 36.720713, 3.1430904),
(244, 'TOUALBI Mohamed Said', '9, Rue Abdelhamid TATA BELFORT El Harrach', ' | Medcine generale', 'EL-HARRACH', 'EL-HARRACH', '021 52 02 60', NULL, NULL, NULL, NULL, 36.7191667, 3.1419444),
(245, 'SMATI Yamina', '6 Ru E Ahmed Mokrani El Harrach', ' | Medcine generale', 'EL-HARRACH', 'EL-HARRACH', '021 82 29 31', NULL, NULL, NULL, NULL, 36.7191667, 3.1419444),
(246, 'RABAHI Djaafar', '03, Rue Lakanal El Harrach', ' | Medcine generale', 'EL-HARRACH', 'EL-HARRACH', '021 51 15 88', NULL, NULL, NULL, NULL, 36.704773, 3.142352),
(247, 'BENALOUANE Mahfoud', '62 Rue de tripoli Hussein Dey', ' | Medcine generale', 'HUSSEIN DEY', 'HUSSEIN DEY', '021 49 66 45', NULL, NULL, NULL, NULL, 36.7433189, 3.0970509),
(248, 'AMARA Badia', '10 Rue hassene basri panorama Hussein Dey', ' | Medcine generale', 'HUSSEIN DEY', 'HUSSEIN DEY', '021 77 61 07', NULL, NULL, NULL, NULL, 36.7310221, 3.0956961),
(249, 'SAIDI Salah', 'Cite Arezki KAHAL Bt A Hamma Annasser', ' | Medcine generale', 'EL HAMMA', 'HUSSEIN DEY', '021 50 65 65', NULL, NULL, NULL, NULL, 36.753164, 3.066177),
(250, 'BOURAOUI Saliha', '86,Rue med belouizdad Hamma Annasser', ' | Medcine generale', 'EL HAMMA', 'HUSSEIN DEY', '021 65 14 13', NULL, NULL, NULL, NULL, 36.7484043, 3.075778),
(251, 'RAHAL Kamel', 'Cite Armaf Bt D N  196 El Magharia', ' | Medcine generale', 'EL MAGHARIA', 'HUSSEIN DEY', '021 49 64 43', NULL, NULL, NULL, NULL, 36.7310221, 3.0956961),
(252, 'OULMI Nora', 'Cite Cilla Bt H El Magharia', ' | Medcine generale', 'EL MAGHARIA', 'HUSSEIN DEY', '021 59 81 31', NULL, NULL, NULL, NULL, 36.724184, 3.138848),
(253, 'KOUACHI KACED Mimi Mimi', 'Cite Confort BT m N 69 El Madania El Magharia', ' | Medcine generale', 'EL MAGHARIA', 'HUSSEIN DEY', '021 48 02 52', NULL, NULL, NULL, NULL, 36.7321977, 3.1101222),
(254, 'HADJ SAID Mohamed', '36 Rue Mhamed Azzoug El Magharia', ' | Medcine generale', 'EL MAGHARIA', 'HUSSEIN DEY', '021 59 62 40', NULL, NULL, NULL, NULL, 36.7321977, 3.1101222),
(255, 'BELOUIZDAD Amina', '10, Ave FRERES ABDESLAMI Kouba', ' | Medcine generale', 'KOUBA', 'HUSSEIN DEY', '021 29 91 50', NULL, NULL, NULL, NULL, 36.7293543, 3.0797543),
(256, 'AOUDIA Nacera', '01, Impasse Touizi Kouba', ' | Medcine generale', 'KOUBA', 'HUSSEIN DEY', '021 29 05 53', NULL, NULL, NULL, NULL, 36.7330433, 3.0874006),
(257, 'AMEUR EL KHEDOUD Mahmoud', 'Cite les Annassers 4 Bt 12 Kouba', ' | Medcine generale', 'KOUBA', 'HUSSEIN DEY', '021 29 11 55', NULL, NULL, NULL, NULL, 36.7130355, 3.0851336),
(258, 'MAZROU Farid', 'cite Amirouche bt c cage c n  65 Hussein Dey', ' | Medcine generale', 'HUSSEIN DEY', 'HUSSEIN DEY', '021 47 87 15', NULL, NULL, NULL, NULL, 36.7387874, 3.0925869),
(259, 'KHELIFATI Dalila', 'residence familiale Hussein Dey', ' | Medcine generale', 'HUSSEIN DEY', 'HUSSEIN DEY', '021 50 37 52', NULL, NULL, NULL, NULL, 36.741489, 3.089685),
(260, 'BENLAOUANE Mahfoud', '62 RUE TRIPOLI Hussein Dey', ' | Medcine generale', 'HUSSEIN DEY', 'HUSSEIN DEY', '021 49 66 45', NULL, NULL, NULL, NULL, 36.7433189, 3.0970509),
(261, 'LEHAMINE Zerrouk', '106,Ave freres Abdeslami Kouba', ' | Medcine generale', 'KOUBA', 'HUSSEIN DEY', '021 29 05 10', NULL, NULL, NULL, NULL, 36.7295003, 3.0774662),
(262, 'LAIHEM Mohamed', 'Cite Anassers2 BtC21 N 1 Kouba', ' | Medcine generale', 'KOUBA', 'HUSSEIN DEY', '021 29 40 39', NULL, NULL, NULL, NULL, 36.7242116, 3.0422357),
(263, 'HAROUN Habiba', 'Garidi 1 Bt12 N 7 Kouba', ' | Medcine generale', 'KOUBA', 'HUSSEIN DEY', '021 29 91 59', NULL, NULL, NULL, NULL, 36.7242117, 3.0422358),
(264, 'HAMADAS Mustapha', 'Cite Jolie Vue Bt D2B N 7 Kouba', ' | Medcine generale', 'KOUBA', 'HUSSEIN DEY', '021 58 45 18', NULL, NULL, NULL, NULL, 36.7242118, 3.0422359),
(265, 'BOUZID Mohamed Toufik', 'Villa 42 Parc Ben Omar Kouba', ' | Medcine generale', 'KOUBA', 'HUSSEIN DEY', '021 28 19 42', NULL, NULL, NULL, NULL, 36.7242119, 3.042236),
(266, 'BEN MANSSOUR, SALEM Saliha', 'ANNASSERS 2 BT A21 Kouba', ' | Medcine generale', 'KOUBA', 'HUSSEIN DEY', '021 29 39 37', NULL, NULL, NULL, NULL, 36.7130355, 3.0851336),
(267, 'FATNASSI Belkacem', '74 Rue Zouaoui Abdelkader Eucalyptus', ' | Medcine generale', 'EUCALYPTUS', 'BARAKI', '021 50 12 22', NULL, NULL, NULL, NULL, 36.6682368, 3.1305233),
(268, 'BELALOUI Mahmoud', 'CITE EUCALYPTUS Btw N 9', ' | Medcine generale', 'EUCALYPTUS', 'BARAKI', '021 75 71 35', NULL, NULL, NULL, NULL, 36.6682368, 3.1305233),
(269, 'ASSAS Allel', 'Lot Hidoussi Rue N  4 N  22 Eucalyptus', ' | Medcine generale', 'EUCALYPTUS', 'BARAKI', '021 50 30 85', NULL, NULL, NULL, NULL, 36.6682368, 3.1305233),
(270, 'ADJALI Sadek', 'Cite 1600 Logts Bt 112 Eucalyptus', ' | Medcine generale', 'EUCALYPTUS', 'BARAKI', '021 50 04 74', NULL, NULL, NULL, NULL, 36.6682368, 3.1305233),
(271, 'YOUYOU Mourad', '61 K Clos les orangers Kouba', ' | Medcine generale', 'KOUBA', 'HUSSEIN DEY', '021 68 92 10', NULL, NULL, NULL, NULL, 36.7310049, 3.0767406),
(272, 'YASRI Hanafi', '6,Ave Mohamed Fellah Kouba', ' | Medcine generale', 'KOUBA', 'HUSSEIN DEY', '021 28 65 89', NULL, NULL, NULL, NULL, 36.7316575, 3.0879996),
(273, 'SELMANE Oumessaad', 'Cite Jolie Vue 2 Bt B2 N 1 Kouba', ' | Medcine generale', 'KOUBA', 'HUSSEIN DEY', '021 58 61 84', NULL, NULL, NULL, NULL, 36.7239901, 3.0812972),
(274, 'MELZI Ilhem', '147 Parc Ben Omar Kouba Rue Mouloud ABBAS, Kouba', ' | Medcine generale', 'KOUBA', 'HUSSEIN DEY', '021 58 34 79', NULL, NULL, NULL, NULL, 36.72569, 3.091236),
(275, 'BOUALI Malika', '16 Rue Abderahmane MIRA Algiers 16000', ' | Medcine generale', 'ALGER CENTRE', 'SIDI M\'HAMED', '021 53 82 87', NULL, NULL, NULL, NULL, 36.7715356, 3.0565844),
(276, 'BELLALA Aek', 'Rue Ameur HALOUSSI Mohammadia', ' | Medcine generale', 'MOHAMMADIA ', 'DAR EL BEIDA', '021 53 85 14', NULL, NULL, NULL, NULL, 36.729422, 3.141952),
(277, 'AZIBI Akli', 'Cite Mer Mediterranee? Mohammadia ALGER 16058', ' | Medcine generale', 'MOHAMMADIA ', 'DAR EL BEIDA', '021 53 61 36', NULL, NULL, NULL, NULL, 36.7303463, 3.1336289),
(278, 'SMATI Habib', 'Cite 1600 logements-Les Eucalyptus', ' | Medcine generale', 'EUCALYPTUS', 'BARAKI', '021 50 25 47', NULL, NULL, NULL, NULL, 36.6651202, 3.1490481),
(279, 'SEKKAL Abdennour', 'Cite Le Grand Rue N 3 N 41 Eucalyptus', ' | Medcine generale', 'EUCALYPTUS', 'BARAKI', '021 50 19 15', NULL, NULL, NULL, NULL, 36.6682368, 3.1305233),
(280, 'OUKIL Messaouda', '16 Rue Kanoun Rabah Eucalyptus', ' | Medcine generale', 'EUCALYPTUS', 'BARAKI', '021 50 31 74', NULL, NULL, NULL, NULL, 36.6682368, 3.1305233),
(281, 'NEDJAR Abdelmounaeme', 'Cite 1600 logements-Les Eucalyptus, Les Eucalyptus bt62', ' | Medcine generale', 'EUCALYPTUS', 'BARAKI', '021 50 21 13', NULL, NULL, NULL, NULL, 36.6619466, 3.1468374),
(282, 'OUSSALAH Abderrahmane', 'Cite Lavigerie Bt 31 Mohammadia', ' | Medcine generale', 'MOHAMMADIA ', 'DAR EL BEIDA', '021 53 09 32', NULL, NULL, NULL, NULL, 36.7325594, 3.1298596),
(283, 'OULEBSIR Mohamed Nacerredine', 'Cite 632 Logements Bt 50 Mohammadia', ' | Medcine generale', 'MOHAMMADIA ', 'DAR EL BEIDA', '021 53 95 18', NULL, NULL, NULL, NULL, 36.728364, 3.147266);
INSERT INTO `hopital` (`hopital_id`, `nomhopital`, `adresse`, `Specialite`, `Commune`, `Daira`, `mobile`, `Email`, `FbPage`, `capacite`, `heurO`, `Lat`, `Lon`) VALUES
(284, 'OULD YAHIA Kiassa', 'CITE 632 logements Bt 49 Mohammadia', ' | Medcine generale', 'MOHAMMADIA ', 'DAR EL BEIDA', '021 82 98 17', NULL, NULL, NULL, NULL, 36.729512, 3.1447184),
(285, 'MEBARKI Amel', 'Rue Ameur HALOUSSI Mohammadia', ' | Medcine generale', 'MOHAMMADIA ', 'DAR EL BEIDA', '021 53 85 14', NULL, NULL, NULL, NULL, 36.729832, 3.139953),
(286, 'TERKI Rachid', '32, place ds Martyrs Reghaia', ' | Medcine generale', 'REGHAIA', 'ROUIBA', '021 85 98 70', NULL, NULL, NULL, NULL, 50.852069, 4.356235),
(287, 'KESRAOUI Hamid', 'Cite segna batiment F Reghaia', ' | Medcine generale', 'REGHAIA', 'ROUIBA', '021 81 12 14', NULL, NULL, NULL, NULL, 36.7539686, 3.2769588),
(288, 'BELLOUCHE Zahida', 'Cite Segna Batiment 8D Reghaia', ' | Medcine generale', 'REGHAIA', 'ROUIBA', '021 85 71 08', NULL, NULL, NULL, NULL, 36.743653, 3.338929),
(289, 'BAKOUCHE Nacera', 'Clinique JIHANE Hana Reghaia', ' | Medcine generale', 'REGHAIA', 'ROUIBA', '021 81 41 98', NULL, NULL, NULL, NULL, 36.7394688, 3.3417203),
(290, 'AMIRAT Mohamed', '1100 Logements batiment 5 Reghaia', ' | Medcine generale', 'REGHAIA', 'ROUIBA', '021 80 93 88', NULL, NULL, NULL, NULL, 36.7539686, 3.2769588),
(291, 'NAILI Mayouf', 'Cite HLM, El-Harrach', ' | Medcine generale', 'EL-HARRACH', 'EL-HARRACH', '021 51 36 58', NULL, NULL, NULL, NULL, 36.7240354, 3.1339935),
(292, 'TAOUAIBIA Mahfoud', 'Cite 618 Logements bt A6 Mohammadia', ' | Medcine generale', 'MOHAMMADIA ', 'DAR EL BEIDA', '021 53 92 48', NULL, NULL, NULL, NULL, 36.7298, 3.1495463),
(293, 'MOKRANE Noureddine', '1 Rue Kertous Rouiba', ' | Medcine generale', 'ROUIBA', 'ROUIBA', '021 85 61 44', NULL, NULL, NULL, NULL, 36.7366715, 3.2789132),
(294, 'KHIAR Nacer', 'Lotissement CADAT n 149 (Clinique Renadial) Rouiba', ' | Medcine generale', 'ROUIBA', 'ROUIBA', '021 85 59 67', NULL, NULL, NULL, NULL, 36.7381899, 3.2768896),
(295, 'GOUROU Abdellatif', 'Cite De La Gare Rouiba', ' | Medcine generale', 'ROUIBA', 'ROUIBA', '021 81 44 00', NULL, NULL, NULL, NULL, 36.7337572, 3.2807819),
(296, 'CHABOU Saliha', 'Lot Cadat Villa 103 Rouiba Rouiba', ' | Medcine generale', 'ROUIBA', 'ROUIBA', '021 85 60 56', NULL, NULL, NULL, NULL, 36.7337572, 3.2807819),
(297, 'BENHARRATS-CHEBARLI Souad', 'Lotissement CADAT n 149 (Clinique Renadial) Rouiba', ' | Medcine generale', 'ROUIBA', 'ROUIBA', '021 85 59 67', NULL, NULL, NULL, NULL, 36.7381899, 3.2768896),
(298, 'BELKECEM Meziane', 'Lotissement CADAT n 149 (Clinique Renadial) Rouiba', ' | Medcine generale', 'ROUIBA', 'ROUIBA', '021 85 59 67', NULL, NULL, NULL, NULL, 36.7381899, 3.2768896),
(299, 'BAZIZ eps CHABOU Saliha', '16, Rue Ali Boumendjel Rouiba', ' | Medcine generale', 'ROUIBA', 'ROUIBA', '021 85 60 56', NULL, NULL, NULL, NULL, 36.7417613, 3.2796384),
(300, 'AMARI Djaffar', '04, Place Des Martyrs Rouiba', ' | Medcine generale', 'ROUIBA', 'ROUIBA', '0771 80 40 67', NULL, NULL, NULL, NULL, 36.7377098, 3.2139751),
(301, 'AKLI Karim', 'Place des Martyrs casbah', '', 'CASBAH', 'BAB EL OUED', '021 71 45 10', NULL, NULL, NULL, NULL, 36.7850701, 3.0603619),
(302, 'allouane ahmed', 'cite 500 lgts Bt 39 D cite ben boulaid, Ain Benian', '', 'AIN BENIAN', 'CHERAGA', '0558 17 68 83/021 30 26 83', NULL, NULL, NULL, NULL, 36.80372, 2.907442),
(303, 'ammar aouchiche maamar', '40, avenue germoul Sidi Mhamed', '', 'SIDI M\'HAMED', 'SIDI M\'HAMED', '021 66-46-69', NULL, NULL, NULL, NULL, 36.759465, 3.050392),
(304, 'AZIEZ Mohamed Salah', '61, rue Larbi Ben M\'hidi Alger', '', 'ALGER CENTRE', 'SIDI M\'HAMED', '021 73 73 73', NULL, NULL, NULL, NULL, 36.7744066, 3.0588848),
(305, 'AZZOUG Karima', '12 rue des freres Bouadou Bir Mourad Rais', '', 'BIR MOURAD RAIS', 'BIR MOURAD RAIS', '021 54 40 57/0771 34 97 71', NULL, NULL, NULL, NULL, 36.739631, 3.0611616),
(306, 'BELMESK Mohamed', '44, Khelifa Boukhalfa Alger', '', 'ALGER CENTRE', 'SIDI M\'HAMED', '021 23 89 17', NULL, NULL, NULL, NULL, 36.766556, 3.0538976),
(307, 'BENALI Maamar', '63, rue Hassiba Ben Bouali Alger', '', 'ALGER CENTRE', 'SIDI M\'HAMED', '021 23 52 80', NULL, NULL, NULL, NULL, 36.7591589, 3.0615196),
(308, 'BENGOUGAM CHIKHI Fatiha', 'Cite de l\'hopital N 21 Rouiba', '', 'ROUIBA', 'ROUIBA', '0776 30 36 47', NULL, NULL, NULL, NULL, 36.7364186, 3.2857151),
(309, 'BENIA Slim', '14, lot CADAT Rouiba', '', 'ROUIBA', 'ROUIBA', '021 85 46 27', NULL, NULL, NULL, NULL, 36.7406842, 3.2839632),
(310, 'BOU-SALAH Zineb', '11 Rue Mohamed Chabani Alger', '', 'ALGER CENTRE', 'SIDI M\'HAMED', '021 23 70 98', NULL, NULL, NULL, NULL, 36.7644669, 3.051774),
(311, 'BOUCHENE Hakim', '06 rue Ibn Khaldoun, Shaoula', '', 'SAOULA', 'BIR MOURAD RAIS', '021 35 65 33', NULL, NULL, NULL, NULL, 36.6867446, 3.0055754),
(312, 'AMAR Salah', '40 rue Mohamed Chabane El Biar ALGER', ' | Hepato-gastrologie', 'EL BIAR', 'BOUZAREAH', '0560 39 91 20', NULL, NULL, NULL, NULL, 36.7664548, 3.0302336),
(313, 'BENSALEM Malya', 'Cite Ain Allah, Bt 309A, Dely Brahim, Alger', ' | Hepato-gastrologie', 'DELY BRAHIM', 'CHERAGA', '023 30 90 67', NULL, NULL, NULL, NULL, 36.751949, 2.9933978),
(314, 'GHARBI Amar', '33 avenue Mohamed Boubella bab El oued Alger', ' | Hepato-gastrologie', 'BAB EL OUED', 'BAB EL OUED', '0558 68 64 02', NULL, NULL, NULL, NULL, 36.7902644, 3.0589628),
(315, 'TERKI Acila', '17 Rue Mohamed Chaabani Alger. Algerie', ' | Hepato-gastrologie', 'ALGER CENTRE', 'SIDI M\'HAMED', '021 23 58 94', NULL, NULL, NULL, NULL, 36.764634, 3.051769),
(316, 'TAHMI', 'Cite Bachdjarah batiment 38 ALGER 16210', ' | Hepato-gastrologie', 'ALGER CENTRE', 'SIDI M\'HAMED', '021 26 14 46', NULL, NULL, NULL, NULL, 36.7231554, 3.0940352),
(317, 'BOUSSA SONIA', 'CITE 632 LOGT batiment 20 Mohammadia', ' | Hepato-gastrologie', 'MOHAMMADIA ', 'DAR EL BEIDA', '0540 91 47 87', NULL, NULL, NULL, NULL, 36.729512, 3.1447184),
(318, 'Kezzoula Djamel', 'Cite 310 logement batiment k Kouba', ' | Hepato-gastrologie', 'KOUBA', 'HUSSEIN DEY', '0550 17 10 01', NULL, NULL, NULL, NULL, 36.7242116, 3.0422357),
(319, 'TAHI Riad', 'Cooperative Abes Laghrour, Kouba', ' | Hepato-gastrologie', 'KOUBA', 'HUSSEIN DEY', '021 78 55 55', NULL, NULL, NULL, NULL, 36.725939, 3.087439),
(320, 'zerarti karima', 'ALGER Ain Benian', ' | Hepato-gastrologie', 'AIN BENIAN', 'CHERAGA', '0771 88 08 40', NULL, NULL, NULL, NULL, 36.7965083, 2.9337917),
(321, 'CHAOUI BOUDGHENE CHOUKRI', 'CITE DES 200 LOGEMENTS/ OUED ROMANE/ BATIMENT 14', ' | Hepato-gastrologie', 'EL ACHOUR', 'DRARIA', '0771 74 49 92/0561 40 30 03', NULL, NULL, NULL, NULL, 36.7401243, 2.9967631),
(322, 'BENHAMADA Hamid', 'L0T C N44 Draria', ' | Hepato-gastrologie', 'DRARIA', 'DRARIA', '021 35 57 21', NULL, NULL, NULL, NULL, 36.7344684, 3.0402812),
(323, 'ALLAL Sidahmed Karim', 'IMMEUBLE PRINTANIA, ENTReE A Bouzareah', ' | Hepato-gastrologie', 'BOUZAREAH', 'BOUZAREAH', '021 93 08 01', NULL, NULL, NULL, NULL, 36.771807, 3.009419),
(324, 'BEN SI SAID NASSER', '06 rue batti haidour Bab El Oued', ' | Hepato-gastrologie', 'BAB EL OUED', 'BAB EL OUED', '021 96 39 81/0772 31 78 28', NULL, NULL, NULL, NULL, 36.790526, 3.050358),
(325, 'MOUSSAOUI NAIMA', '12, rue drif mohamed Rouiba', ' | Hepato-gastrologie', 'ROUIBA', 'ROUIBA', '021 85 64 41/0771 59 46 70', NULL, NULL, NULL, NULL, 36.7390353, 3.2840306),
(326, 'BOUKERCHA Louiza', 'Cite Garidi 1 Bt 27 n  7 Kouba', ' | Hepato-gastrologie', 'KOUBA', 'HUSSEIN DEY', '021 68 08 95', NULL, NULL, NULL, NULL, 36.7130355, 3.0851336),
(327, 'OUGERGOUZ Khaled', '106, rue hassiba ben bouali Alger', ' | Hepato-gastrologie', 'ALGER CENTRE', 'SIDI M\'HAMED', '021 67 20 41', NULL, NULL, NULL, NULL, 36.7572297, 3.0636081),
(328, 'Benkanoun Sidali', 'Cite Africana, 286 Boulevard Bougara El Biar', ' | Hepato-gastrologie', 'EL BIAR', 'BOUZAREAH', '023 37 60 00/0561 71 01 66', NULL, NULL, NULL, NULL, 36.767221, 3.034176),
(329, 'ALI YAHIA Samia', 'Egeco Bourouba batiment 42', ' | Endo-crenologie-diabetologie', 'BOUROUBA', 'EL-HARRACH', '021 26 95 41', NULL, NULL, NULL, NULL, 36.719204, 3.110334),
(330, 'ADJAOUT BETTACHE Fadila', 'Cite Armaf Bt A3 El Harrach', ' | Endo-crenologie-diabetologie', 'EL-HARRACH', 'EL-HARRACH', '021 52 97 23', NULL, NULL, NULL, NULL, 36.7246782, 3.1371465),
(331, 'AZZAM Boudjemaa', 'Clinique Du Parc Ben Omar Kouba', ' | Endo-crenologie-diabetologie', 'KOUBA', 'HUSSEIN DEY', '021 28 51 30', NULL, NULL, NULL, NULL, 36.7254927, 3.0912254),
(332, 'BENAZZIEZ Khadjidja', 'Cite des annassers 1 Bt 912 N  10 Kouba', ' | Endo-crenologie-diabetologie', 'KOUBA', 'HUSSEIN DEY', '021 29 19 49', NULL, NULL, NULL, NULL, 36.7130355, 3.0851336),
(333, 'MOKRANI Malika', 'Cite Des 618 Logts Mohammadia', ' | Endo-crenologie-diabetologie', 'MOHAMMADIA ', 'DAR EL BEIDA', '021 53 88 50', NULL, NULL, NULL, NULL, 36.7302911, 3.1509874),
(334, 'HIMEUR Abdelmalek', 'Villa N 4 Rue N 1 Les Vergers Birkhadem', ' | Endo-crenologie-diabetologie', 'BIRKHADEM', 'BIR MOURAD RAIS', '021 54 32 99', NULL, NULL, NULL, NULL, 36.726674, 3.081326),
(335, 'MEGHERBI Mamoune', '01, Rue Larbi Madi BEO', ' | Endo-crenologie-diabetologie', 'BAB EL OUED', 'BAB EL OUED', '021 97 50 91', NULL, NULL, NULL, NULL, 36.7922648, 3.0470741),
(336, 'TOUATI Omar', '17,Rue Ferhat Boussad ALGER', ' | Endo-crenologie-diabetologie', 'ALGER CENTRE', 'SIDI M\'HAMED', '021 73 26 76', NULL, NULL, NULL, NULL, 36.7648862, 3.0511372),
(337, 'OUSSALAH Khaled', '09 Rue Mouloud Berbel ALGER', ' | Endo-crenologie-diabetologie', 'ALGER CENTRE', 'SIDI M\'HAMED', '021 74 42 68', NULL, NULL, NULL, NULL, 36.764191, 3.048255),
(338, 'HATEM Youcef', 'Lot 198 Bis Baraki', ' | Dermatologie', 'BARAKI', 'BARAKI', '021 53 35 56', NULL, NULL, NULL, NULL, 36.6701874, 3.0634359),
(339, 'MOURI Lahlou', 'Cite BADJARAH1 BT32 Bach Djarah', ' | Dermatologie', 'BACHDJERAH', 'EL-HARRACH', '021 26 16 91', NULL, NULL, NULL, NULL, 36.7231554, 3.0940352),
(340, 'DAOUD Fadila', 'Cite Du 8 Mai 45 Nt 17 N  5 Bez Bab Ezzouar', ' | Dermatologie', 'BAB EZZOUAR', 'DAR EL BEIDA', '021 51 83 75', NULL, NULL, NULL, NULL, 36.7357969, 3.1811428),
(341, 'GUEMACHE Nachida', '2,impasse Touizi Kouba', ' | Dermatologie', 'KOUBA', 'HUSSEIN DEY', '021 28 57 67', NULL, NULL, NULL, NULL, 36.7330433, 3.0874006),
(342, 'LERARI Rania Sabrina', '06,Rue NECIRA Nounou BT 3 Hamma Annasser', ' | Dermatologie', 'EL HAMMA', 'HUSSEIN DEY', '021 65 52 80', NULL, NULL, NULL, NULL, 36.753223, 3.06107),
(343, 'TAGHNIT- HAMOU Ourida', '23 Rue Ahmed AOUNE, El-Harrach', ' | Dermatologie', 'EL-HARRACH', 'EL-HARRACH', '021 82 22 11', NULL, NULL, NULL, NULL, 36.7207173, 3.1408963),
(344, 'ROBAINE Aldjia', '24, Rue D\'ALGER El Harrach', ' | Dermatologie', 'EL-HARRACH', 'EL-HARRACH', '021 82 50 31', NULL, NULL, NULL, NULL, 36.7227533, 3.151414),
(345, 'ABBA Zahra', 'Cite sidi EMBAREK Bt C N :23 BEAULIEU El Harrach', ' | Dermatologie', 'EL-HARRACH', 'EL-HARRACH', '021 52 89 15', NULL, NULL, NULL, NULL, 36.713347, 3.158823),
(346, 'BOUHALISSA Assia', 'cite EGECO Bt 16 B Bourouba', ' | Dermatologie', 'BOUROUBA', 'EL-HARRACH', '021 26 63 60', NULL, NULL, NULL, NULL, 36.7198678, 3.112501),
(347, 'AHMED YAHIA Ouahcene', 'LOTISSEMENT SAIDI AHMED N 104 bordj el kiffan alger', ' | Dermatologie', 'BORDJ EL KIFFAN', 'DAR EL BEIDA', '021 20 14 20', NULL, NULL, NULL, NULL, 36.7431453, 3.1758159),
(348, 'TERRAK Wahiba', '12.Rue des freres maslam Alger Centre', ' | Dermatologie', 'ALGER CENTRE', 'SIDI M\'HAMED', '021 23 66 55', NULL, NULL, NULL, NULL, 36.764546, 3.0514627),
(349, 'LARIBA Yazid', '42, Avenue Colonel Amirouche Rouiba', ' | Dermatologie', 'ROUIBA', 'ROUIBA', '021 85 49 81', NULL, NULL, NULL, NULL, 36.7249581, 3.2848675),
(350, 'YAKER Younes', 'Cite Cinestral Bt i Cage 5 Reghaia', ' | Dermatologie', 'REGHAIA', 'ROUIBA', '0772 38 81 20', NULL, NULL, NULL, NULL, 36.7539686, 3.2769588),
(351, 'SATTOUF Michel', 'Cite des Annassers 2 Bt 4 E Kouba', ' | Dermatologie', 'KOUBA', 'HUSSEIN DEY', '021 29 37 82', NULL, NULL, NULL, NULL, 36.7130355, 3.0851336),
(352, 'OUMOUSSA Zahia', '1 Rue OMAR BOURSAS Kouba', ' | Dermatologie', 'KOUBA', 'HUSSEIN DEY', '021 28 90 39', NULL, NULL, NULL, NULL, 36.7304427, 3.0805501),
(353, 'HAFIZ Mahmoud', '2,RUE DES FRERES FERROUN Kouba', ' | Dermatologie', 'KOUBA', 'HUSSEIN DEY', '021 28 60 41', NULL, NULL, NULL, NULL, 36.7312937, 3.0836332),
(354, 'OUGHANEM Mohamed', 'Chemin Abdelkader, El Madania', ' | Dermatologie', 'EL MADANIA', 'SIDI M\'HAMED', '021 27 95 26', NULL, NULL, NULL, NULL, 36.7435203, 3.057157),
(355, 'OULD-MOHAMMEDI Abdelkader', '11, Place Des Martyrs, Cheraga', ' | Dermatologie', 'CHERAGA', 'CHERAGA', '0770 82 06 82', NULL, NULL, NULL, NULL, 36.7651468, 2.9371552),
(356, 'HAZEM Abdelhakim', 'Immeuble Voltaire C2 Birkhadem', ' | Dermatologie', 'BIRKHADEM', 'BIR MOURAD RAIS', '021 55 36 33', NULL, NULL, NULL, NULL, 36.7134348, 3.0509112),
(357, 'KHALEF Kamel', 'Cite des asphodelesbt d 3 Ben Aknoun', ' | Dermatologie', 'BEN AKNOUN', 'BOUZAREAH', '021 78 21 69', NULL, NULL, NULL, NULL, 36.760382, 3.012078),
(358, 'ISSADI Badredine', 'Cite armaf bt A esc 5 chevelley Ben Aknoun', ' | Dermatologie', 'BEN AKNOUN', 'BOUZAREAH', '021 93 62 10', NULL, NULL, NULL, NULL, 36.7572102, 2.9945814),
(359, 'YAHI Sid Ali', '02 Rue Rahim Akli Bologhine', ' | Dermatologie', 'BOLOGHINE', 'BAB EL OUED', '021 96 81 98', NULL, NULL, NULL, NULL, 36.7964498, 3.040891),
(360, 'LOUNIS Youcef', '25, Bd Basta Ali Bab El Oued', ' | Dermatologie', 'BAB EL OUED', 'BAB EL OUED', '021 96 85 37', NULL, NULL, NULL, NULL, 36.791632, 3.0519505),
(361, 'AMROUCHE-MAOUCHE Naima', '08, Rue Omar Benkhettab B.E.O', ' | Dermatologie', 'BAB EL OUED', 'BAB EL OUED', '021 96 23 98', NULL, NULL, NULL, NULL, 30.1433425, 31.2479938),
(362, 'AITKACI DAHBIA', '77 RUE DIDOUCHE MOURAD Alger Centre', ' | Dermatologie', 'ALGER CENTRE', 'SIDI M\'HAMED', '021 71 97 33', NULL, NULL, NULL, NULL, 36.7657059, 3.050976),
(363, 'GHEZALI Rachid', '12, bd said hamdine Hydra', ' | Dermatologie', 'HYDRA', 'BIR MOURAD RAIS', '021 60 82 49', NULL, NULL, NULL, NULL, 36.749935, 3.0389123),
(364, 'Diar Saada Clinique', '100, Chemin Abdelkader Diar Essaada, EL MOURADIA', ' | Gynecologie | Ophtalmologie | Chir.Orthopidique | Chir.Cardio-vasculaire | Chir.Neurologique | Chir.Generale', 'EL MOURADIA', 'SIDI M\'HAMED', '021 69 87 11', NULL, NULL, NULL, NULL, 36.743516, 3.0593511),
(365, 'Clinique El Qods', '16, rue d\'Icosium, Hydra, 16405, Alger, Algerie.', ' | Gynecologie', 'ALGER CENTRE', 'SIDI M\'HAMED', ' 021 48 13 21', NULL, NULL, NULL, NULL, 36.7910251, 3.0594086),
(366, 'Al Azhar', '4, Djenane Achabou, Dely Brahim, 16000, Alger, Algerie.', ' | Cardiologie | Hepato-gastrologie | ORL | Ophtalmologie | Pediatrie | Chir.Orthopidique | Chir.Maxilo-Facial | Chir.Cardio-vasculaire | Chir.Neurologique | Chir.Plastique-reparatrice | Chir.Generale', 'DELY BRAHIM', 'CHERAGA', '023 29 02 88- 0560 95 70 00', 'contact@cliniquealazhar.com', 'https://fr-fr.facebook.com/Clinique.AZHAR/', NULL, NULL, 36.7644334, 2.9823331),
(367, 'La clinique medico-chirurgicale En-Nadjah', '38, cooperative Ennadjah, Birkhadem, 16000, Alger, Algerie.', ' | Endo-crenologie-diabetologie | Gynecologie | Chir.Orthopidique | Chir.Pediatrique | Chir.Urologie | Chir.Cardio-vasculaire | Chir.Plastique-reparatrice', 'BIRKHADEM', 'BIR MOURAD RAIS', ' 0560 05 50 17', 'clinique-ennadjah@clinique-ennadjah.dz', NULL, NULL, NULL, 36.7254916, 3.0534795),
(368, 'La clinique privee Sidi Yahia', 'Cite Said Hamdine, 444 Logements, Bir Mourad Rais, 16000, Alger, Algerie.', '', 'BIR MOURAD RAIS', 'BIR MOURAD RAIS', '021 54 71 45', NULL, ' https://www.facebook.com/pages/Clinique-Sidi-Yahia-Alger/563996403656432', NULL, NULL, 36.7169003, 3.0489249),
(369, 'clinique privee Audin', '13, rue Didouche Mourad, Alger-Centre, 16000, Alger, Algerie.', ' | Pediatrie', 'ALGER CENTRE', 'SIDI M\'HAMED', '021 73 40 40', 'contact@cliniqueaudin.com', ' https://fr-fr.facebook.com/audin.clinique', NULL, NULL, 36.7696826, 3.0551834),
(370, 'clinique privee Ibn Sina', 'Tamentefoust, La Marsa, 16000, Alger, Algerie.', ' | Chir.Orthopidique | Chir.Cardio-vasculaire | Chir.Neurologique | Chir.Plastique-reparatrice | Chir.Generale', 'EL MARSA', 'DAR EL BEIDA', '023 95 17 17', 'contact@cliniqueibnsina.com', ' https://www.facebook.com/pages/Clinique-Ibn-sina-Alger/105670876137409', NULL, NULL, 36.805406, 3.237619),
(371, 'clinique privee Chifa', 'N5, Hydra', ' | Cardiologie | Gynecologie | Neurologie | ORL | Ophtalmologie | Pediatrie | Pneumo-Phtisiologie | Radiologie + Imagerie medicale | Dentaire | Chir.Urologie | Chir.Maxilo-Facial | Chir.Cardio-vasculaire | Chir.Neurologique | Chir.Generale', 'HYDRA', 'BIR MOURAD RAIS', ' 023 53 13 13', ' contact@clinique-chifa-hydra.com', ' https://fr-fr.facebook.com/Clinique-chifa-hydra-310778922419228/', NULL, NULL, 36.744791, 3.023421),
(372, 'clinique privee Aya', 'Cite Sorecal, cooperative Amitie, Zonka, Birkhadem, 16000, Alger, Algerie.', ' | Cardiologie | Dermatologie | Endo-crenologie-diabetologie | Hepato-gastrologie | Gynecologie | Medcine travaille | Neurologie | ORL | Ophtalmologie | Rhumatologie | Chir.Orthopidique | Chir.Urologie | Chir.Maxilo-Facial | Chir.Neurologique | Chir.Generale', 'BIRKHADEM', 'BIR MOURAD RAIS', '0558 97 81 45', ' info@cliniqueaya.dz', ' https://fr-fr.facebook.com/Clinique-aya-185065758191615/', NULL, NULL, 36.706405, 3.066413),
(373, 'clinique privee Sonya', '01 Cooperative Hadjam Med Zonka, Birkhadem, 16105, Alger, Algerie.', ' | Nephrologie', 'BIRKHADEM', 'BIR MOURAD RAIS', '0 661 52 56 46', ' info@cliniquesonya.dz', ' https://fr-fr.facebook.com/clinique.houdjal', NULL, NULL, 36.7055648, 3.064418),
(374, 'Clinique d\'El-Biar', '04, Rue Mustapha Khalef,EL-BIAR', ' | Gynecologie | Chir.Generale', 'EL BIAR', 'BOUZAREAH', '021.92.16.73/74', NULL, NULL, NULL, NULL, 36.7659577, 3.025199),
(375, 'EL DJAZAIRIA', '17, Rue Bab-Azzoun, CASBAH', ' | Gynecologie | Chir.Generale', 'CASBAH', 'BAB EL OUED', '550587311', NULL, NULL, NULL, NULL, 36.781397, 3.061114),
(376, 'NEDJMA Clinique chirurgicale', 'Cite Ben Boulaid Bt 05 cage A, BOUROUBA', ' | Gynecologie | Chir.Urologie | Chir.Generale', 'BOUROUBA', 'EL-HARRACH', '021.26.92.61', NULL, NULL, NULL, NULL, 36.7168808, 3.0427482),
(377, 'EN-NAHDA', 'Lotissement Ennahda BIRKHADEM', ' | Gynecologie | ORL | Chir.Orthopidique | Chir.Generale', 'BIRKHADEM', 'BIR MOURAD RAIS', '77435264', NULL, NULL, NULL, NULL, 36.731159, 3.046927),
(378, 'CLINIQUE SAMIRA', '1, Rue Mohamed Lachref, HUSSEIN-DEY', ' | ORL | Ophtalmologie | Chir.Orthopidique | Chir.Maxilo-Facial | Chir.Generale', 'HUSSEIN DEY', 'HUSSEIN DEY', '77.31.56', NULL, NULL, NULL, NULL, 36.7403571, 3.0738053),
(379, 'CLINIQUE BOLOGHINE', '104, Rue Abdelkader Ziar, BOLOGHINE', ' | Gynecologie | ORL | Chir.Generale', 'BOLOGHINE', 'BAB EL OUED', '95.00.60', NULL, NULL, NULL, NULL, 36.8047152, 3.0428571),
(380, 'CLINIQUE CYBELE', '6 RUE MOHAMED OUAZEN Bordj El Kiffan', ' | Gynecologie | Chir.Generale', 'BORDJ EL KIFFAN', 'DAR EL BEIDA', '20.20.54', NULL, NULL, NULL, NULL, 36.751934, 3.203772),
(381, 'Clinique ( JIHANHANA)', 'Rue Bouraada Aissa, REGHAIA', ' | Gynecologie | ORL | Ophtalmologie | Pediatrie | Chir.Maxilo-Facial | Chir.Generale', 'REGHAIA', 'ROUIBA', '0774.47.09.40', NULL, NULL, NULL, NULL, 36.739367, 3.341646),
(382, 'Clinique el BordJ', 'Clinique EL Bordj 1 Boulevard Front de Mer 113 Rue du 5 Juillet 1962 - Bordj El Kiffan Alger', ' | Gynecologie | Pediatrie | Chir.Generale', 'BORDJ EL KIFFAN', 'DAR EL BEIDA', '021/20.56.00', NULL, NULL, NULL, NULL, 36.747047, 3.182763),
(383, 'CLINIQUE CHAHRAZED', 'Rue Alioua Fodil, Cheraga', ' | Cardiologie | Dermatologie | Hepato-gastrologie | Gynecologie | Oncologie | Dentaire | Chir.Orthopidique | Chir.Urologie | Chir.Cardio-vasculaire | Chir.Neurologique | Chir.Generale', 'CHERAGA', 'CHERAGA', '36.28.28', NULL, NULL, NULL, NULL, 36.767549, 2.962392),
(384, 'Clinique PARC BEN OMAR', '6 rue mohamed rabia kouba? alger 16000', ' | Cardiologie | Endo-crenologie-diabetologie | Medcine interne | Ophtalmologie | Chir.Generale', 'KOUBA', 'HUSSEIN DEY', '23.22.22', NULL, NULL, NULL, NULL, 36.736206, 3.087539),
(385, 'Clinique EN-NADJAH', '38, Coop En-Nadjah, BIRKHADEM', ' | Gynecologie | Medcine interne | Chir.Orthopidique | Chir.Cardio-vasculaire', 'BIRKHADEM', 'BIR MOURAD RAIS', '023/56.12.04', NULL, NULL, NULL, NULL, 36.710764, 3.052906),
(386, 'Clinique du PARC MIREMONT', '1 RUE LOTISSEMENT N 192 PARC MIREMONT AIR DE FRANCE? 1 Rue H, Bouzareah', ' | Gynecologie | Pediatrie | Chir.Orthopidique | Chir.Urologie | Chir.Generale', 'BOUZAREAH', 'BOUZAREAH', '93.77.09', NULL, NULL, NULL, NULL, 36.774554, 3.008449),
(387, 'clinique medIco chirurgicale LOTUS', 'cites les orangers n  A 02, ROUIBA', ' | Gynecologie | Medcine interne | Neurologie | ORL | Ophtalmologie | Pediatrie | Chir.Orthopidique | Chir.Urologie | Chir.Maxilo-Facial | Chir.Generale | Chir.thoracique', 'ROUIBA', 'ROUIBA', '0550.691.433', NULL, NULL, NULL, NULL, 36.7316995, 3.2798975),
(388, 'clinique REEFAK EL FETH OULED FAYET', 'Zone d\'equipement A ; n  8, OULED FAYET', ' | Hepato-gastrologie | Gynecologie | Neurologie | ORL | Pediatrie | Chir.Orthopidique | Chir.Urologie | Chir.Maxilo-Facial | Chir.Plastique-reparatrice | Chir.Generale | Chir.thoracique', 'OULED FAYET', 'CHERAGA', '38.88.00/22', NULL, NULL, NULL, NULL, 36.738294, 2.950426),
(389, 'Clinique AHLEM', '01 Rue El Mokrani, AIN TAYA', ' | Gynecologie | Chir.Urologie | Chir.Generale', 'AIN TAYA', 'DAR EL BEIDA', '86.71.71', NULL, NULL, NULL, NULL, 36.7928781, 3.2910308),
(390, 'Clinique les SOURCES', '02 impasse Gabriel Musette, Lotissement les sources, BIR MOURAD RAIS', ' | Gynecologie | ORL | Ophtalmologie | Radiologie + Imagerie medicale | Chir.Urologie | Chir.Neurologique | Chir.Generale', 'BIR MOURAD RAIS', 'BIR MOURAD RAIS', '56.55.55', NULL, NULL, NULL, NULL, 36.737267, 3.059214),
(391, 'Clinique des LILAS', 'Zone d\'activite Said Hamdine, BIR OURAD RAIS', ' | Gynecologie | Chir.Urologie | Chir.Generale', 'BIR MOURAD RAIS', 'BIR MOURAD RAIS', '40.55.55', NULL, NULL, NULL, NULL, 36.7325008, 3.0293559),
(392, 'clinique SOLYNA', 'CLINIQUE SOLYNA - clinique chirurgicale, Staoueli', ' | Chir.Orthopidique | Chir.Pediatrique | Chir.Generale', 'STAOUELI', 'ZERALDA', '021.39.22.00', NULL, NULL, NULL, NULL, 36.742389, 2.87931),
(393, 'Clinique( DJAZIA )', 'Rue 04 n  38 Hai El Hayet, KOUBA', ' | Accouchements', 'KOUBA', 'HUSSEIN DEY', '28.17.43', NULL, NULL, NULL, NULL, 36.7280585, 3.0774649),
(394, 'Clinique ( LES ORANGERS )', '05, Rue Ali BOUMENDJEL, ROUIBA', ' | Accouchements', 'ROUIBA', 'ROUIBA', '85.68.44', NULL, NULL, NULL, NULL, 36.7414938, 3.2776004),
(395, 'Clinique ( EL-OUARD )', 'Lot n  3 route Ain-Taya, ROUIBA', ' | Accouchements', 'ROUIBA', 'ROUIBA', '85.67.00', NULL, NULL, NULL, NULL, 36.7588425, 3.2873564),
(396, 'Clinique d\'ophtalmologie', 'Residence Serapi, Rue Mohamed Kious , BIRKHADEM', ' | Ophtalmologie', 'BIRKHADEM', 'BIRKHADEM', '55.21.00', NULL, NULL, NULL, NULL, 36.7170671, 3.0490055),
(397, 'Clinique d\'ophtalmologie', 'Cite les Vergers Bt D,BIRKHADEM', ' | Ophtalmologie', 'BIRKHADEM', 'BIRKHADEM', '54.30.30', NULL, NULL, NULL, NULL, 36.7239999, 3.0530361),
(398, 'Sarl LES IRIS', '35, Rue Ali Seghir, BORDJ EL-KIFFAN', ' | Ophtalmologie', 'BORDJ EL KIFFAN', 'DAR EL BEIDA', '20.10.32', NULL, NULL, NULL, NULL, 36.7412641, 3.2797469),
(399, 'Clinique d\'ophtalmologie', '28, Rue Ben Merdja Mahmoud, S\'HAOULA', ' | Ophtalmologie', 'SAOULA', 'BIR MOURAD RAIS', NULL, NULL, NULL, NULL, NULL, 36.706276, 3.026186),
(400, 'Clinique d\'ophtalmologie Mohamed CHOUITER', '1 RUE MOHAMED BOUBZARI Alger Centre', ' | Ophtalmologie', 'ALGER CENTRE', 'SIDI M\'HAMED', '43.39.14', NULL, NULL, NULL, NULL, 36.77816, 3.05739),
(401, 'SARL CMDTA', 'Lot n  01, Said Hamdine, HYDRA', ' | Cardiologie | ORL | Ophtalmologie | Pneumo-Phtisiologie | Chir.Orthopidique | Chir.Generale', 'HYDRA', 'BIR MOURAD RAIS', '54.77.07', NULL, NULL, NULL, NULL, 36.749935, 3.0389123),
(402, 'Clinique d\'ophtalmologie', 'Lotissement Krim Belkacem, DAR EL-BEIDA', ' | Ophtalmologie', 'DAR EL BEIDA', 'DAR EL BEIDA', '50.82.68', NULL, NULL, NULL, NULL, 36.7076776, 3.2223402),
(403, 'Clinique d\'ophtalmologie (EL-ASSAR)', '08, Rue de la Paix, EL-MOURADIA', ' | Ophtalmologie', 'EL MOURADIA', 'SIDI M\'HAMED', '69.95.21', NULL, NULL, NULL, NULL, 36.7454727, 3.0525252),
(404, 'Clinique d\'ophtalmologie', '8 Hai El Azhar, Ain Benian', ' | Ophtalmologie', 'AIN BENIAN', 'CHERAGA', '30.19.19', NULL, NULL, NULL, NULL, 36.800606, 2.909383),
(405, 'Clinique d\'ophtalmologie ( Val d\'Hydra )', 'Residence Chaabani,Hydra', ' | Ophtalmologie', 'HYDRA', 'BIR MOURAD RAIS', '48.05.09', NULL, NULL, NULL, NULL, 36.7553101, 3.0300274),
(406, 'Eurl Clinique EL HIKMA', '364 Logt, Bt 16, N  01 ,Boumaati,EL HARRACH', ' | Ophtalmologie', 'EL HARRACH', 'EL HARRACH', '51.53.90', NULL, NULL, NULL, NULL, 36.7150106, 3.1356873),
(407, 'SARL Clinique d\'ophtalmologie(LOIOLA )', 'Hai Hadri, Lot N  04, BABA HASSEN', ' | Ophtalmologie', ' BABA HASSEN', 'DRARIA', '35 14 58', NULL, NULL, NULL, NULL, 30.02542, 31.2444166),
(408, 'Eurl Clinique Ophtalmologique SIDI ABDERRAHMANE', 'Lot 01, N 09, Lotissement Allioua Fodil Amara, CHERAGA', ' | Ophtalmologie', 'CHERAGA', 'CHERAGA', '37.55.45', NULL, NULL, NULL, NULL, 36.7651396, 2.9476719),
(409, 'Clinique d\'ophtalmologie', 'Cite Si El Haoues , Ain Taya', ' | Ophtalmologie', 'AIN TAYA', 'DAR EL BEIDA', '86.61.43', NULL, NULL, NULL, NULL, 36.7903471, 3.2920863),
(410, 'Association des Ophtalmologistes Les Sources', 'les sources , BIR MANDREIS', ' | Ophtalmologie', 'BIR MOURAD RAIS', 'BIR MOURAD RAIS', '54.00.55', NULL, NULL, NULL, NULL, 36.737257, 3.0592156),
(411, 'Clinique ( EL-BAHDJA )', '74, Rue Abdelkader, EL-MOURADIA', ' | ORL | Ophtalmologie | Chir.Orthopidique | Chir.Generale', 'EL MOURADIA', 'SIDI M\'HAMED', '69.02.56', NULL, NULL, NULL, NULL, 36.745377, 3.0522053),
(412, 'EURL clinique Hussein-dey', '51 Rue Fernane Hanafi, HUSSEIN-DEY', ' | ORL', 'HUSSEIN DEY', 'HUSSEIN DEY', '0770.98.89.60', NULL, NULL, NULL, NULL, 36.7386101, 3.0936692),
(413, 'SARL Clinique des Beaux Arts', '20 Rue El Hachemi Ourabah, ALGER CENTRE', ' | ORL', 'ALGER CENTRE', 'SIDI M\'HAMED', '23.04.68', NULL, NULL, NULL, NULL, 36.762545, 3.044328),
(414, 'Clinique de diabetologie du ( PARC )', '29, Parc Ben Omar, KOUBA', ' | Endo-crenologie-diabetologie', 'KOUBA', 'HUSSEIN DEY', '28.51.30', NULL, NULL, NULL, NULL, 36.7254927, 3.0912254),
(415, 'Clinique de diabetologie de( AIN-AADJA)', 'Lot N  20 Station d\'Essence? Djasr Kasentina', ' | Cardiologie | Endo-crenologie-diabetologie | Ophtalmologie', 'GUE DE CONSTANTINE', 'BIR MOURAD RAIS', '0770.22.02.26', NULL, NULL, NULL, NULL, 36.708376, 3.082288),
(416, 'Centre de Reeducation DJEMAI', 'Cite les Orangers lotissement A ROUIBA', ' | Medcine interne | Neurologie | Radiologie + Imagerie medicale | Chir.Orthopidique', 'ROUIBA', 'ROUIBA', '85.19.24', NULL, NULL, NULL, NULL, 36.731791, 3.279907),
(417, 'PMA FERIEL', 'Cite du 08 Mai 1945, Bt 24 Cage A, (Sorecal), BAB EZZOUAR', '', 'BAB EZZOUAR', 'DAR EL BEIDA', '51.00.53', NULL, NULL, NULL, NULL, 36.7315475, 3.1843708),
(418, 'PMA DJENNAOUI', 'Cite des 444 logements,batiment 2, Said Hamdine, BIR-MOURADRAIS', '', 'BIR MOURAD RAIS', 'BIR MOURAD RAIS', '0772.21.89.94', NULL, NULL, NULL, NULL, 36.7358665, 3.0272135),
(419, 'EL WALIDAYN', 'Chemin de Sidi Yahia, Bt 02, N 01 et 02, Hydra', '', 'HYDRA', 'BIR MOURAD RAIS', '44 93 33', NULL, NULL, NULL, NULL, 36.7381686, 3.0441052),
(420, 'Centre de PMA HEBA', 'Lotissement Bordj el Bahri Nord-Est ; Lot n 51,bordj el Bahri', '', 'BORDJ EL BAHRI', 'DAR EL BEIDA', NULL, NULL, NULL, NULL, NULL, 36.7880665, 3.214573),
(421, '(Societe Civile Profssionnelle TIZIRI )', '01 Rue des freres Djerroud, EL BIAR', '', 'EL BIAR', 'BOUZAREAH', '90.70.00', NULL, NULL, NULL, NULL, 36.7734412, 3.0447749),
(422, 'Eurl FERTYLINA', '13 Rue Didouche Mourad, SIDI M\'HAMED', '', 'SIDI M\'HAMED', 'SIDI M\'HAMED', '021/71.70.74.', NULL, NULL, NULL, NULL, 36.7696826, 3.0551834),
(423, 'Eurl clinique dentaire Algero- Allemande', 'Bois Des Cars 3 N 66 - Dely Brahim 16420', ' | Dentaire', 'DELY IBRAHIM', 'CHERAGA', '(0)770749675', NULL, NULL, NULL, NULL, 36.7528106, 2.9753061),
(424, 'Sarl Clinique dentaire Kouba', '33 cooperative el imane ben omar kouba, Kouba', ' | Dentaire', 'KOUBA', 'HUSSEIN DEY', '29.76.49', NULL, NULL, NULL, NULL, 36.728744, 3.088134),
(425, 'Sarl Clinique d\'implantologie dentaire Ain Benian', '42 rue de l\'Ilot, AIN BENIAN', ' | Dentaire', 'AIN BENIAN', 'CHERAGA', '30.64.82', NULL, NULL, NULL, NULL, 36.8053781, 2.9073631),
(426, 'Sarl Centre de Protheses Oculaires Algerie', 'Cite D, n  61, EL ACHOUR', ' | APPAREILLAGES PROTHETIQUES', 'EL ACHOUR', 'DRARIA', '0661.651.877', NULL, NULL, NULL, NULL, 36.7492722, 3.0698052),
(427, 'Sarl HANDIMED', 'Cite Ain Allah Copropriete n  354,DELY IBRAHIM', ' | APPAREILLAGES PROTHETIQUES', 'DELY IBRAHIM', 'CHERAGA', NULL, NULL, NULL, NULL, NULL, 36.7548822, 2.9827558),
(428, 'DIASCAN - PLUS', '06, Rue Djilali Ahmed, STAOUELI', ' | Medcine generale', 'STAOUELI', 'ZERALDA', '39.52.06', NULL, NULL, NULL, NULL, 36.7427218, 2.8371916),
(429, 'C.D.M. Ben Aknoun', '04, Rue Djurdjura, BEN AKNOUN', ' | Cardiologie | Endo-crenologie-diabetologie | Hepato-gastrologie | Gynecologie | Medcine interne | Rhumatologie | Chir.Generale | Medcine generale', 'BEN AKNOUN', 'BOUZAREAH', '91.22.03', NULL, NULL, NULL, NULL, 36.7541853, 3.0075227),
(430, 'CDM et Lithotritie', '21, Rue Iben El Khatib (Sacre Coeur), ALGER CENTRE', ' | Hepato-gastrologie | Neurologie | Radiologie + Imagerie medicale | Rhumatologie | Medcine generale', 'ALGER CENTRE', 'SIDI M\'HAMED', NULL, NULL, NULL, NULL, NULL, 36.7628561, 3.048247),
(431, 'Eurl clinique medico diagnostic du dEY', '108 Rue Boudjemaa Moghni', ' | Endo-crenologie-diabetologie | Ophtalmologie | Pediatrie | Pneumo-Phtisiologie | Radiologie + Imagerie medicale', 'HUSSEIN DEY', 'HUSSEIN DEY', '49.53.25', NULL, NULL, NULL, NULL, 36.7333619, 3.1094853),
(432, 'C.D.M. de Dar-El-Beida', 'La Soufflerie, Groupe B,Lot n  05,DAREL-BEIDA', ' | Cardiologie | Hepato-gastrologie | Gynecologie | Radiologie + Imagerie medicale | Medcine generale', 'DAR EL BEIDA', 'DAR EL BEIDA', '50.57.02', NULL, NULL, NULL, NULL, 36.7025594, 3.1414643),
(433, 'Eurl centre d\'exploration Gynecologique NAHLA', 'Cite du 08 Mai 1945 BT 64 (SORECAL),BAB EZZOUAR', ' | Gynecologie | Radiologie + Imagerie medicale', 'BAB EZZOUAR', 'DAR EL BEIDA', '51.71.71', NULL, NULL, NULL, NULL, 36.7315475, 3.1843708),
(434, 'Sarl centre de diagnostic Medical kouba', 'Cooperative Abbes Laghrour Bt A, n  08, KOUBA', ' | Endo-crenologie-diabetologie | Hepato-gastrologie | Medcine generale', 'KOUBA', 'HUSSEIN DEY', '021.28.99.99', NULL, NULL, NULL, NULL, 36.7242116, 3.0422357),
(435, 'Eurl Sante Plus SEKHERI', 'Lotissement des Aures, 13 Cooperative Okba, HAMMAMET', ' | Endo-crenologie-diabetologie | Medcine interne | Radiologie + Imagerie medicale | Medcine generale', 'EL HAMMAMET', 'CHERAGA', '95.66.15', NULL, NULL, NULL, NULL, 36.8024663, 2.9383699),
(436, 'Eurl Centre de Diagnostic ROSE ROUGE', '05 Avenue El Mokrani, AIN TAYA', ' | Cardiologie | Endo-crenologie-diabetologie | Hepato-gastrologie | Medcine interne | Radiologie + Imagerie medicale | Medcine generale', 'AIN TAYA', 'DAR EL BEIDA', '86.65.42', NULL, NULL, NULL, NULL, 36.7928781, 3.2910308),
(437, 'Eurl Clinique diagnostic Les OUARSENIS', 'Les Ouarsenis, REGHAIA', ' | Radiologie + Imagerie medicale | Chir.Orthopidique | Medcine generale', 'REGHAIA', 'ROUIBA', NULL, NULL, NULL, NULL, NULL, 36.7539686, 3.2769588),
(438, 'Eurl QUETIN', 'lotissement El Amel El Achour / Alger', ' | Cardiologie | Dermatologie | Endo-crenologie-diabetologie | Hepato-gastrologie | Hematologie | Medcine interne | Nephrologie | Neurologie | ORL | Ophtalmologie | Pediatrie | Pneumo-Phtisiologie | Radiologie + Imagerie medicale | Rhumatologie | Dentaire | Chir.Orthopidique | Chir.Urologie | Chir.G', 'EL ACHOUR', 'DRARIA', '021.36.16.05', NULL, NULL, NULL, NULL, 36.738028, 2.989463),
(439, 'Sarl Clinique MedicoDiagnostic Du VAL', 'Lotissement du 11 Decembre 1960, Villa n  01 le Val d\'Hydra , EL BIAR', ' | Cardiologie | Dermatologie | Endo-crenologie-diabetologie | Gynecologie | Neurologie | Pediatrie | Radiologie + Imagerie medicale | Medcine generale', 'EL BIAR', 'BOUZAREAH', '021.94.66.86', NULL, NULL, NULL, NULL, 36.758421, 3.025723),
(440, 'Sarl centre medico-diagnostic ZOHOR', '02 Rue Ibn Khadoun, n 06,S\'HAOULA', ' | Cardiologie | Endo-crenologie-diabetologie | Hepato-gastrologie | Gynecologie | Medcine interne | ORL | Pediatrie | Pneumo-Phtisiologie | Radiologie + Imagerie medicale | Medcine generale', 'SAOULA', 'BIR MOURAD RAIS', '021.35.60.90', NULL, NULL, NULL, NULL, 36.6867446, 3.0055754),
(441, 'Eurl AZUR MEDICAL', 'Lotissemen Bendjaida, n 06, Lot n 20 et 21, BORDJ EL BAHRI', ' | Cardiologie | Endo-crenologie-diabetologie | Hepato-gastrologie | Gynecologie | Pediatrie | Radiologie + Imagerie medicale', 'BORDJ EL BAHRI', 'DAR EL BEIDA', '021/86.12.75', NULL, NULL, NULL, NULL, 36.7897338, 3.2424527),
(442, 'URODIAL', 'Chemin EL BAKRI,BEN AKNOUN', ' | Hemodialyse', 'BEN AKNOUN', 'BOUZAREAH', '91.53.41', NULL, NULL, NULL, NULL, 36.7596579, 3.023637),
(443, 'SIDI BRAHIM', '37, Cite Boudmagh Cheraga', ' | Hemodialyse', 'CHERAGA', 'CHERAGA', '36.70.96', NULL, NULL, NULL, NULL, 36.756868, 2.963858),
(444, 'IBTISSAMA', 'Bois des Cars I n  109 , Dely-Ibrahim', ' | Hemodialyse', 'DELY IBRAHIM', 'CHERAGA', '37.54.73', NULL, NULL, NULL, NULL, 36.7535009, 2.9785471),
(445, 'SARL RENADIAL', '06, Rue Ali Boumendjel,06, HAMMAMET', ' | Hemodialyse', 'EL HAMMAMET', 'CHERAGA', '95.87.04', NULL, NULL, NULL, NULL, 36.7798746, 3.0571104),
(446, 'SARL BONNE SANTE', '6 rue Mohamed Bougherfa,SIDI M\'HAMED', ' | Hemodialyse', 'SIDI M\'HAMED', 'SIDI M\'HAMED', '67.93.80', NULL, NULL, NULL, NULL, 36.7547452, 3.0631423),
(447, 'RESIDENCES LES DUNES', '329, Route des Dunes', ' | Hemodialyse', 'CHERAGA', 'CHERAGA', '37.91.37', NULL, NULL, NULL, NULL, 50.996071, 2.0476445),
(448, 'SARL Alliance medicochirurgicale', '04, Djenane Achabou - Dely Ibrahim Alger - Algerie', ' | Hemodialyse', 'DELY IBRAHIM', 'CHERAGA', '91.73.97', NULL, NULL, NULL, NULL, 36.762746, 2.982215),
(449, 'Sarl centre d\'hemodialyse SALAHEDDINE', 'clos des Orangers ,KOUBA', ' | Hemodialyse', 'KOUBA', 'HUSSEIN DEY', '28.22.11', NULL, NULL, NULL, NULL, 36.731164, 3.079219),
(450, 'Centre d\'hemodialyse  ENNOUR', '11, Rue de l\'ALN, MOHAMMADIA', ' | Hemodialyse', 'MOHAMMADIA', 'DAR EL BEIDA', '20.12.12', NULL, NULL, NULL, NULL, 36.7181708, 3.2089047),
(451, 'Centre d\'hemodialyse de la DGSN', 'Caserne El Hamiz', ' | Hemodialyse', 'DAR EL BEIDA', 'DAR EL BEIDA', NULL, NULL, NULL, NULL, NULL, 36.7085695, 3.2184384),
(452, 'HYDRA DIALYSE', '04, Rue Mohamed EL HADJ AHMED, Hydra', ' | Hemodialyse', 'HYDRA', 'BIR MOURAD RAIS', '69.15.77', NULL, NULL, NULL, NULL, 36.7479848, 3.0371826),
(453, 'SARL Centre d\'Hemodialyse ERRAHMA', '34 Boulevard Krim Belkacem, Telemly, ALGER CENTRE', ' | Hemodialyse', 'ALGER CENTRE', 'SIDI M\'HAMED', '63.34.17', NULL, NULL, NULL, NULL, 36.7706561, 3.0503587),
(454, 'Sarl Clinique DIAL AZUR 13 Rue de la Victoire', '13 Rue de la Victoire,AIN TAYA', ' | Hemodialyse', 'AIN TAYA', 'DAR EL BEIDA', '560053996', NULL, NULL, NULL, NULL, 36.7930707, 3.295701),
(455, 'SNC Dial AMINE et Cie', '05 Rue AKIF Aissa, HUSSEIN DEY', ' | Hemodialyse', 'HUSSEIN DEY', 'HUSSEIN DEY', '021 77 66 46', NULL, NULL, NULL, NULL, 36.7353762, 3.1021843),
(456, 'SARL Centre d\'Hemodialyse EL AMIR', 'Cite El Merdja El Djadida , ROUIBA', ' | Hemodialyse', 'ROUIBA', 'ROUIBA', '021 81.20.01', NULL, NULL, NULL, NULL, 36.732528, 3.2747554),
(457, 'SARL CHORFA Hemodialyse', 'Rue n  50 Alger Plage, BORDJ EL BAHRI', ' | Hemodialyse', 'BORDJ EL BAHRI', 'DAR EL BEIDA', '021 86 64 01', NULL, NULL, NULL, NULL, 36.7850602, 3.2334014),
(458, 'Chahrazed Centred\'hemodialyse', 'Allioua Fodil n 01 , CHERAGA', ' | Hemodialyse', 'CHERAGA', 'CHERAGA', '36.28.28.', NULL, NULL, NULL, NULL, 36.7675575, 2.9593548),
(459, 'SARL Clidial', 'cite Recazin , BARAKI', ' | Hemodialyse', 'BARAKI', 'BARAKI', ' 53.38.26', NULL, NULL, NULL, NULL, 36.6654306, 3.089423),
(460, 'SARL Technodial', 'Voie rapide Est- Ouest lot n 07, BARAKI', ' | Hemodialyse', 'BARAKI', 'BARAKI', '021.76.84.1', NULL, NULL, NULL, NULL, 36.6765706, 3.0559357),
(461, 'Eurl Maison du rein', 'CLINIQUE D\'HeMODIALYSE MAISON DU REIN, 247 PALM BEACH AZUR BP212, STAOUELI, ALGER', ' | Hemodialyse', 'STAOUELI', 'ZERALDA', '021.32.90.3', 'info@maisondurein.org', NULL, NULL, NULL, 36.739271, 2.847478),
(462, 'Sarl clinique d\'hemodialyse TAYEBINE', '16 Rue Djenadi A, KOUBA', ' | Hemodialyse', 'KOUBA', 'HUSSEIN DEY', '68.06.10', NULL, NULL, NULL, NULL, 36.7285218, 3.0806934),
(463, 'Eurl Nephrodial', '170 Rue Sfindja Telemly,ALGER CENTRE', ' | Hemodialyse', 'ALGER CENTRE', 'SIDI M\'HAMED', '06.61.55.15 .83', NULL, NULL, NULL, NULL, 36.7689401, 3.0407138),
(464, 'Eurl Clinique d\'hemodialyse Jolie Vue', 'Cite des 24 Villas, n 03 Jolie Vue', ' | Hemodialyse', 'KOUBA', 'HUSSEIN DEY', '28 26 82', NULL, NULL, NULL, NULL, 36.7224312, 3.0709863),
(465, 'Sarl Clinique des Orkidees', '15 Route de Sidi Yahia, BIR-MOURADRAIS', ' | Hemodialyse', 'BIR MOURAD RAIS', 'BIR MOURAD RAIS', '60 61 11/', NULL, NULL, NULL, NULL, 36.7383629, 3.0467863),
(466, 'Sarl Clinique d\'hemodialyse si Mahmoud', 'cite Bentalha,lot2, BARAKI', ' | Hemodialyse', 'BARAKI', 'BARAKI', '53.28.53.', NULL, NULL, NULL, NULL, 36.649381, 3.077344),
(467, 'Eurl les Grands Vents', 'Coop El Mordjane, n 13,OULED FAYET', ' | Hemodialyse', 'OULED FAYET ', 'CHERAGA', '0665.98.79.89', NULL, NULL, NULL, NULL, 36.7252038, 2.9077927),
(468, 'Sarl Centre d\'hemodialyse Le Bien Etre', '03 rue Bensiam N  07 B, HUSSEIN DEY', ' | Hemodialyse', 'HUSSEIN DEY', 'HUSSEIN DEY', '77 67 76', NULL, NULL, NULL, NULL, 36.7387422, 3.0983225),
(469, 'Eurl clinique SELOUANE', '29 Rue Ali MADDOUCHE, Hussein Dey', ' | Hemodialyse', 'HUSSEIN DEY', 'HUSSEIN DEY', '23 44 08', NULL, NULL, NULL, NULL, 36.735844, 0),
(470, 'Sarl centre d\'hemodialyse SIDI ABDERRAHMANE', 'Parc Miremont, BOUZAREAH', ' | Hemodialyse', 'BOUZAREAH', 'BOUZAREAH', '93 68 04', NULL, NULL, NULL, NULL, 36.7713981, 3.005112),
(471, 'Eurl Clinique BACHA DIALYSE', '04 Rue des Freres Saighi, SIDI M\'HAMED', ' | Hemodialyse', 'SIDI M\'HAMED', 'SIDI M\'HAMED', '23.77.73', NULL, NULL, NULL, NULL, 36.7593184, 3.0379879),
(472, 'Eurl ElL TASFYA H.C', 'Route de Souidania N  19, DOUERA', ' | Hemodialyse', 'DOUERA', 'DRARIA', NULL, NULL, NULL, NULL, NULL, 36.7112755, 2.8683535),
(473, 'Sarl Clinique d\'hemodialyse', '09 Rue Diab Aissa, Bordj El Kiffan', ' | Hemodialyse', 'BORDJ EL KIFFAN', 'DAR EL BEIDA', '51.93.47', NULL, NULL, NULL, NULL, 36.745629, 3.191412),
(474, 'Eurl Kouba Hemodialyse', 'Cite Djenane Ben Omar, KOUBA', ' | Hemodialyse', 'KOUBA', 'HUSSEIN DEY', '68.04.73', NULL, NULL, NULL, NULL, 36.7263578, 3.0906147),
(475, 'Eurl clinique les deux rives', 'Villa D9, cite 297 logements, BORDJ EL KIFFAN', ' | Hemodialyse', 'BORDJ EL KIFFAN', 'DAR EL BEIDA', '21.11.59', NULL, NULL, NULL, NULL, 36.7553121, 3.2275112),
(476, 'Eurl clinique du rein', 'Lot A, Extension 180, BABA HASSEN', ' | Hemodialyse', ' BABA HASSEN', 'DRARIA', '34.04.48', NULL, NULL, NULL, NULL, 13.0983632, 80.2599391),
(477, 'SNC Clinique Hemodialyse SONYA HOUDJAL et Cie', 'Coop. Hadjem Mohamed Lot n  01, Zonca, BIRKHADEM', ' | Hemodialyse', 'BIRKHADEM', 'BIR MOURAD RAIS', '02357.53.50', NULL, NULL, NULL, NULL, 36.7147024, 3.0135389),
(478, 'Eurl clinique d\'hemodialyse Meftah El Kheir', 'Cooperative Meftah El Kheir Lot 39, Ain Naadja', ' | Hemodialyse', 'GUE DE CONSTANTINE', 'BIR MOURAD RAIS', '021 22.25.55', NULL, NULL, NULL, NULL, 36.703931, 3.074939),
(479, 'Sarl Clinique d\'hemodialyse les SOURCRES', '06 Rue Pasquier Bronde, Les Sources, BIR MOURAD RAIS', ' | Hemodialyse', 'BIR MOURAD RAIS', 'BIR MOURAD RAIS', '56.12.19', NULL, NULL, NULL, NULL, 36.7353636, 3.0557447),
(480, 'IMPLANTOLOGIE ( implant dentaire )', 'Alger Bir mourad rais , Alger Bir mourad rais', ' | Dentaire', 'BIR MOURAD RAIS', 'BIR MOURAD RAIS', '549366300', NULL, NULL, NULL, NULL, 36.7353493, 3.0503737),
(481, 'AB dental clinique delybrahim', 'Dely Brahim, Ain Allah City (bleu)', '', 'DELY IBRAHIM', 'CHERAGA', '557242150', 'bouribdentiste2016@gmal.com ', 'https://www.facebook.com/AB-dental-group-283998635276448/*', NULL, NULL, 36.7541828, 2.9763428),
(482, 'Centre d\'imagerie Medicale Youghourta', '28, Rue Youghourta (ex-Duc des cars ) , Alger', ' | Radiologie + Imagerie medicale', 'ALGER CENTRE', 'SIDI M\'HAMED', '021 72 20 20', 'infoyoughourta@a2l.dz', 'http://www.centreyoughourta.com', NULL, '07:30 - 21:00', 36.7738153, 3.055433),
(483, 'Centre d\'imagerie Medicale Yaker', '27, Rue Mohamed Fellah , Kouba , Alger', ' | Radiologie + Imagerie medicale', 'KOUBA', 'HUSSEIN DEY', '023 78.14.14', 'contact@cima.dz', 'http://www.cima.dz/', NULL, '07:30 - 17:30', 36.7310349, 3.0882417),
(484, 'Centre D\'imagerie Medicale Gue De Constantine', 'Cite 390 Logts (cite sonatiba) , Djisr ksentina , Alger', ' | Radiologie + Imagerie medicale', 'GUE DE CONSTANTINE', 'BIR MOURAD RAIS', '021 83 95 58', 'cimgue@hotmail.fr', NULL, NULL, NULL, 36.7034262, 3.0964736),
(485, 'Cente d\'imagerie medicale Beni Messou', '14, Rue Ibrahim Hadjress ( en face hopital Beni-Messous) Beno-Messoous Alger', ' | Radiologie + Imagerie medicale', 'BENI MESSOUS ', 'BOUZAREAH', '021 93 42 03', NULL, NULL, NULL, NULL, 36.7812594, 2.9842404),
(486, 'Centre d\'imagerie MIRA', '14 avenue Abderrahmane Mira, 16007 Bab El Oued Alger', ' | Radiologie + Imagerie medicale', 'BAB EL OUED', 'BAB EL OUED', '021.96.30.64', 'crim40@hotmail.com', NULL, NULL, NULL, 36.7941867, 3.0523312),
(487, 'Clinique CIMRI', '20, Rue Mustapha Chergou, Belfort, El Harrach, Alger', ' | Radiologie + Imagerie medicale', 'EL HARRACH', 'EL HARRACH', '021 51 12 01', 'info@cimriradiologie.com', 'http://www.cimriradiologie.com', NULL, NULL, 36.723529, 3.145059),
(488, 'CIMBA Centre d\'imagerie medicale de Ben-Aknoun', '06, Rue du Djurdjura Ben Aknoun - Alger', ' | Radiologie + Imagerie medicale', 'BEN AKNOUN', 'BOUZAREAH', '021 91 20 03', 'yacimba@yahoo.fr', NULL, NULL, NULL, 36.7541853, 3.0075227),
(489, 'Centre d\'imagerie Cheraga', 'Cite AMMARA 2, Ilot 105, Section 04, Cheraga - Alger', ' | Radiologie + Imagerie medicale', 'CHERAGA', 'CHERAGA', '550810227', 'contact@cimcheraga.com', 'http://www.cimcheraga.com/', NULL, '8h-16h30', 36.7579439, 2.9480693),
(490, 'KB Medical', 'Rue Nassiba Malki, El Biar', ' | Chir.Plastique-reparatrice', 'EL BIAR', 'BOUZAREAH', NULL, NULL, NULL, NULL, NULL, 36.77168, 3.036965),
(491, 'ALMANAR', 'N  04, 79 Rue 1ere novembre - Rouiba- Alger', ' | Dermatologie | Chir.Plastique-reparatrice', 'ROUIBA', 'ROUIBA', '0698 30.68.2', 'cliniquelaserrouiba@yahoo.fr', 'http://cliniquelaserrouiba.com/', NULL, NULL, 36.7941779, 3.2894826),
(492, 'Clinique Dentaire Tiabaoui', '01 chebira, Rue Bouzerari Mohamed, El Mouradia - ALGER', ' | Dentaire', 'EL MOURADIA', 'SIDI M\'HAMED', '021 69 94 70', NULL, 'http://www.cliniquetmdentaire.com/', NULL, '8h30-17h30', 36.741315, 3.0512868),
(493, 'Cabinet Implants Dentaires Algerie', 'Cite AADL Bt n  F3 16035 Ouled Fayet Alger - Algerie', ' | Dentaire', 'OULED FAYET ', 'CHERAGA', '021 38 86 48', 'info@implantsdentairesalgerie.com', 'http://www.implantsdentairesalgerie.com', NULL, '09:00-19:00', 36.7319238, 2.9588882),
(494, 'CLINIQUE EL-BAHDJA ORL', '74, chemin Abdelkader - Alger', ' | ORL', 'ALGER CENTRE', 'SIDI M\'HAMED', '021 69 02 56', NULL, NULL, NULL, NULL, 36.7457072, 3.0568978),
(495, 'Clinique TALIA ORL et Esthetique', 'Baba hassen lotissement a Alger', ' | ORL | Chir.Plastique-reparatrice', 'BABA HASSEN', 'DRARIA', '561060997', 'clinique.talia@gmail.com', NULL, NULL, '8h 17h', 36.7167852, 2.9956836),
(496, 'Dr Bouzid Moncef', '140 avenue ali khoudja, El-biar 16030 ALGER', ' | Dentaire', 'EL BIAR', 'BOUZAREAH', '021 92 85 66', 'info@docteurbouzid.com', 'http://www.docteurbouzid.com/', NULL, '14h a 18h30', 36.7696314, 3.0291683),
(497, 'Dr Madjid HANNANE', 'les annasser - 2 batiment 72 rdc - 16000 Kouba - Alger - Algerie', ' | Dentaire', 'KOUBA', 'HUSSEIN DEY', '021 29 22 46', NULL, 'http://implant-dentaire-kouba-dz.com/', NULL, NULL, 36.7242116, 3.0422357),
(498, 'Lerari Djamel-Eddine', '83 rue Ali Remli.Air de France.Bouzareah.Alger', ' | Dentaire', 'BOUZAREAH', 'BOUZAREAH', '21942269', 'cabinetlerari@gmail.com', NULL, NULL, NULL, 36.7808762, 3.0108869),
(499, 'Abaouche Abdelaziz', '05 rue Province BOUZAREAH- Alger', ' | Dentaire', 'BOUZAREAH', 'BOUZAREAH', '21935302', 'bouhallelzineb@outlook.fr;', NULL, NULL, '9h-12h / 14h-18h', 36.7664969, 3.0504218),
(500, 'Dr.TALAB MALKI', 'Batiment 2, Cite Garidi 1, Kouba, Alger', ' | Dentaire', 'KOUBA', 'HUSSEIN DEY', '0662 34 93 16', NULL, NULL, NULL, '10-17h', 36.728523, 3.067689),
(501, 'Cabinet Dentaire Alger Est', 'Cooperative Immobiliere Frantz Fanon 2 N 70? Reghaia 16112, Algerie', ' | Dentaire', 'REGHAIA', 'ROUIBA', '21849156', 'cabinetdentaire.algerest@gmail.com', 'https://goo.gl/maps/rTyELnaLhc52', NULL, '08h00 a 19h00', 36.739417, 3.340357),
(502, 'Dr ARDENTYS Ryad', 'Cooperative El-Saada n 25 (CC3), Ouled Fayet, Alger', ' | Dentaire', 'OULED FAYET ', 'CHERAGA', '05 61 33 93 94', 'infos@ardentys.com', 'https://ardentys.com', NULL, '8h00 a 20h00', 36.740212, 2.94875),
(503, 'Clinique medico Diagnostique (El Dey) - CMD-', '108 Rue Boudjemaa Moughni, El-Magharia HusseinDey - ALGER', ' | Cardiologie | Endo-crenologie-diabetologie | Hepato-gastrologie | Gynecologie | Oncologie | Pneumo-Phtisiologie | Radiologie + Imagerie medicale | Chir.Plastique-reparatrice | Accouchements | Medcine generale', 'HUSSEIN DEY', 'HUSSEIN DEY', '021 49 53 25 / 26', 'cmd16@hotmail.fr', NULL, NULL, '08:00-17:00', 36.733422, 3.109453),
(504, 'Hopital a domicile', '12 Rue cherif taiba cherif chateau Neuf, El-biar, ALGER', ' | Cardiologie | Medcine interne | Medcine necluaire + Radiotherapie | ORL | Rhumatologie | APPAREILLAGES PROTHETIQUES | Medcine generale | Hemodialyse', 'EL BIAR', 'BOUZAREAH', '021 79 26 30/05 52 73 23 52', 'contact@hopitaladomicile.com', 'http://www.hopitaladomicile.com', NULL, NULL, 36.770697, 3.019899),
(505, 'Centre Laser Medical et esthetique', '36 Rue Tazairt Bab El Oued, Alger, Algerie', ' | Chir.Plastique-reparatrice', 'BAB EL OUED', 'BAB EL OUED', '021 96 29 72/0550 88 64 09', 'contact@centrelaser.com', 'http://www.claser-algerie.com/', NULL, NULL, 36.7886605, 3.0513789),
(506, 'Centre de Traitement Medical du Cancer Algerie', 'Polyclinique Aissat Mustapha, Reghaia, Alger', ' | Medcine generale', 'REGHAIA', 'ROUIBA', '05 50 31 9161', NULL, NULL, NULL, NULL, 36.728674, 3.339404),
(507, 'KB Medical Centre de Laser', '13, Rue Nassiba Malki - Saint Raphael - EL BIAR - ALGER', ' | Chir.Plastique-reparatrice', 'EL BIAR', 'BOUZAREAH', '021 92 22 67/0550 76 14 68', NULL, 'http://kbmedical-dz.com/', NULL, '9:00 - 17:00', 36.7717238, 3.0352266),
(508, 'AZUR MEDICAL CENTRE DE DIAGNOSTIC', 'Lotissement Bendjaida06 N 20 BORDJ EL BAHRI ALGER', ' | Cardiologie | Endo-crenologie-diabetologie | Hepato-gastrologie | Medcine necluaire + Radiotherapie | Radiologie + Imagerie medicale | Medcine generale', 'BORDJ EL BAHRI', 'DAR EL BEIDA', '021 86 12 75/0560942647', 'azurmedical@hotmail.fr', NULL, NULL, '07:00-19:OO', 36.7897338, 3.2424527),
(509, 'ALMANAR Centre Dermatologiques et Laser', 'N  04, 79 Rue 1ere novembre - Rouiba- Alge', ' | Dermatologie | Chir.Plastique-reparatrice', 'ROUIBA', 'ROUIBA', '0698 30.68.2 - 0550 54.71.99', 'cliniquelaserrouiba@yahoo.fr', 'http://cliniquelaserrouiba.com/', NULL, '08:00 - 17:00', 36.7941779, 3.2894826),
(510, 'SAIL Younes', '7 Rue DAR EL HAMRA, Hussein Dey, Alger', ' | Cardiologie', 'HUSSEIN DEY', 'HUSSEIN DEY', '071 52 08 18', NULL, NULL, NULL, NULL, 36.745666, 3.088956),
(511, 'BOUROUBI Taous', 'lot dauphin N 30, Draria', ' | Cardiologie', 'DRARIA', 'DRARIA', '021 35 60 85', NULL, NULL, NULL, NULL, 36.721508, 2.994956),
(512, 'AIDER Said', 'Cite Ain Naadja Bt B1djasr kacentina. Gue de Constantine Alger', ' | Cardiologie', 'GUE DE CONSTANTINE', 'BIR MOURAD RAIS', '021 55 92 11 / 021 55 61 79', NULL, NULL, NULL, NULL, 36.6928384, 3.0435017),
(513, 'CHABANI Chafia', '45, Rue Hocine Beladjel- TELEMLY Alger', ' | Cardiologie', 'ALGER CENTRE', 'SIDI M\'HAMED', '021 23 02 41', NULL, NULL, NULL, NULL, 36.764002, 3.045101),
(514, 'AIT AMAR Mouloud', 'Rue bastani ali Bab El Oued Alger', ' | Cardiologie', 'BAB EL OUED', 'BAB EL OUED', '021 96 41 29', NULL, NULL, NULL, NULL, 36.793203, 3.054067),
(515, 'Centre de cardiologie Verte Rive', 'Rue Mohamed Douzi, Bordj El Kiffan', ' | Cardiologie', 'BORDJ EL KIFFAN', 'DAR EL BEIDA', '0672 34 07 64', NULL, NULL, NULL, NULL, 36.7516675, 3.2037287),
(516, 'Benamara Saida', 'Lotissement 39 El achour - Alger', ' | Cardiologie', 'EL ACHOUR', 'DRARIA', '552908128', NULL, NULL, NULL, NULL, 36.7835441, 3.0178878),
(517, 'SAIDI SMAIL', 'Rue Mellal Mohamed , Staoueli', ' | Cardiologie', 'STAOUELI', 'ZERALDA', '23391679', NULL, NULL, NULL, NULL, 36.753285, 2.886723),
(518, 'Abbou katia', '10, rue ahmed lounis, Ain benian, Alger - Alger', ' | Cardiologie', 'AIN BENIAN', 'CHERAGA', '0558 394 279 / 023 225 583', NULL, NULL, NULL, NULL, 36.7748342, 3.0373029),
(519, 'SARI ABDELOUAHAB', '5 RUE LARBI BEN M\'HIDI, Alger Centre, Alger (16), Algerie - Alger', ' | Cardiologie', 'ALGER CENTRE', 'SIDI M\'HAMED', '021 63 74 84', NULL, NULL, NULL, NULL, 36.7755945, 3.0587425),
(520, 'ALI YAHIA AREZKI', '144 RUE MOHAMED BELOUIZDAD, Alger Sidi Mhamed, Alger (16), Algerie - Alger', ' | Cardiologie', 'ALGER CENTRE', 'SIDI M\'HAMED', '021 66 76 13', NULL, NULL, NULL, NULL, 36.7502577, 3.0656505),
(521, 'KADRI EPS BOUSSAHA Kelthoum \n', 'CITE BACHDJARAH 2 EGECO BT 1 Bach Djarah', ' | Cardiologie', 'BACHDJERAH', 'EL HARRACH', '021 26 64 96', NULL, NULL, NULL, NULL, 36.7170966, 3.1081132),
(522, 'KADDACHE Karim', 'Cite EGECO Badjerah 2 Bt A16 Bach Djarah', ' | Cardiologie', 'BACHDJERAH', 'EL HARRACH', '021 26 24 54', NULL, NULL, NULL, NULL, 36.7170966, 3.1081132),
(523, 'BOUZIDI Ouardia', 'Bach Djarah', ' | Cardiologie', 'BACHDJERAH', 'EL HARRACH', '021 54 12 23', NULL, NULL, NULL, NULL, 36.7170966, 3.1081132),
(524, 'KHIDER Mehdi', 'Cite 8 Mai 1945 Bt 8 C Bab Ezzouar', ' | Cardiologie', 'BAB EZZOUAR', 'DAR EL BEIDA', '021 21 27 86', NULL, NULL, NULL, NULL, 36.7357969, 3.1811428);
INSERT INTO `hopital` (`hopital_id`, `nomhopital`, `adresse`, `Specialite`, `Commune`, `Daira`, `mobile`, `Email`, `FbPage`, `capacite`, `heurO`, `Lat`, `Lon`) VALUES
(525, 'CHERBI Slimane', 'Cite 8 Mai 1945 Bt 17 D n 2 Bab Ezzouar', ' | Cardiologie', 'BAB EZZOUAR', 'DAR EL BEIDA', '021 51 75 73', NULL, NULL, NULL, NULL, 36.7333701, 3.1844999),
(526, 'SEDKAOUI Bariza', '15,rue redjimi Kouba', ' | Cardiologie', 'KOUBA', 'HUSSEIN DEY', '021 58 47 91', NULL, NULL, NULL, NULL, 36.73309, 3.0856686),
(527, 'KANDI Brahim', 'Cite HLM Bt 9 El Harrach', ' | Cardiologie', 'EL HARRACH', 'EL HARRACH', '021 52 11 04', NULL, NULL, NULL, NULL, 36.7230582, 3.1351001),
(528, 'ADGHAR Hanafi', 'Cite HLM Bt 5 El Harrach', ' | Cardiologie', 'EL HARRACH', 'EL HARRACH', '021 52 02 25', NULL, NULL, NULL, NULL, 36.7230582, 3.1351001),
(529, 'AIDER Said', '630 logements bt B1 Gue de constantine', ' | Cardiologie', 'GUE DE CONSTANTINE', 'BIR MOURAD RAIS', '021 55 92 11', NULL, NULL, NULL, NULL, 36.694565, 3.080526),
(530, 'DJOUADI Nadia', '35,Rue Ali Seghir Bordj El Kiffan', ' | Cardiologie', 'BORDJ EL KIFFAN', 'DAR EL BEIDA', '021 20 16 80', NULL, NULL, NULL, NULL, 36.7412641, 3.2797469),
(531, 'YOUCEF OUALI REBBA Malika', 'Cite des 38 Logts Bt 3 Bordj El Bahri', ' | Cardiologie', 'BORDJ EL BAHRI', 'DAR EL BEIDA', '021 86 33 64', NULL, NULL, NULL, NULL, 36.7880665, 3.214573),
(532, 'MOUZALI Abderrahmane', 'Cite 08 Mai 1945 Belcourt Belouizdad', ' | Cardiologie', 'EL HAMMA', 'HUSSEIN DEY', '021 66 70 66', NULL, NULL, NULL, NULL, 36.7372419, 3.1826823),
(533, 'BOUZAR Ahmed Faycal', '17 Rue Omar Nahnah, belcourt,alger', ' | Cardiologie', 'EL HAMMA', 'HUSSEIN DEY', '021 65 12 78', NULL, NULL, NULL, NULL, 36.755848, 3.058073),
(534, 'BENOUADAH Merzak', '26, Bd Said Touati Bab El Oued', ' | Cardiologie', 'BAB EL OUED', 'BAB EL OUED', '021 96 20 37', NULL, NULL, NULL, NULL, 36.7894012, 3.0465027),
(535, 'SAAL Said', '14,Rue Edgard Quinet Alger Centre', ' | Cardiologie', 'ALGER CENTRE', 'SIDI M\'HAMED', '021 71 87 09', NULL, NULL, NULL, NULL, 36.7681961, 3.0403829),
(536, 'CHABANI Chafia', '45,Rue Hocine Beladjel Alger Centre', ' | Cardiologie', 'ALGER CENTRE', 'SIDI M\'HAMED', '021 74 87 76', NULL, NULL, NULL, NULL, 36.7639034, 3.0450961),
(537, 'BENKHELIL Abdelkrim', '12 rue Ali Azil Alger Centre', ' | Cardiologie', 'ALGER CENTRE', 'SIDI M\'HAMED', '021 63 41 85', NULL, NULL, NULL, NULL, 36.767654, 3.05506),
(538, 'BOUDRAR Adlane', 'cite coopemad 294 logts bt A1 Ain Benian', ' | Cardiologie', 'AIN BENIAN', 'CHERAGA', '021 30 49 49', NULL, NULL, NULL, NULL, 36.6707935, 2.7658322),
(539, 'LASSAL Tahar', 'batiment B6 CITE DE L HOPITAL Rouiba', ' | Cardiologie', 'ROUIBA', 'ROUIBA', '021 81 24 34', NULL, NULL, NULL, NULL, 36.736458, 3.285807),
(540, 'DRICI Belkacem', 'Cite Bouzegza; Bt 3 Reghaia', ' | Cardiologie', 'REGHAIA', 'ROUIBA', '021 81 17 77', NULL, NULL, NULL, NULL, 36.7539686, 3.2769588),
(541, 'ALLAOUA Abdelhamid', 'Cooperative El Amel Lot n 4 Reghaia', ' | Cardiologie', 'REGHAIA', 'ROUIBA', '021 85 93 55', NULL, NULL, NULL, NULL, 36.7539686, 3.2769588),
(542, 'ZAIDI Hamid', 'cite 632 Logements Bt 14 n6 el mohammadia', ' | Cardiologie', 'MOHAMMADIA', 'DAR EL BEIDA', '021 82 91 00', NULL, NULL, NULL, NULL, 36.730402, 3.14717),
(543, 'MAHIDDINE Yazid', 'Cite des 250 Logts BT E1N 1 Cheraga', ' | Cardiologie', 'CHERAGA', 'CHERAGA', '021 36 64 31', NULL, NULL, NULL, NULL, 36.7597319, 2.8581266),
(544, 'GUELLIL Youcef', 'Clinique SHAHRAZED,4 Lot Allioua Fodil Cheraga', ' | Cardiologie', 'CHERAGA', 'CHERAGA', '021 36 28 28', NULL, NULL, NULL, NULL, 36.7613073, 2.9505496),
(545, 'ZIAD Amel', 'cite les vergers bt F Birkhadem', ' | Cardiologie', 'BIRKHADEM', 'BIR MOURAD RAIS', '021 54 12 23', NULL, NULL, NULL, NULL, 36.7200761, 3.0743901),
(546, 'BELHOCINE Yahia', 'Cite les Asphodeles Bt C cage 3 Ben Aknoun', ' | Cardiologie', 'BEN AKNOUN', 'BOUZAREAH', '021 91 33 63', NULL, NULL, NULL, NULL, 36.760382, 3.012078),
(547, 'CHENOUF-GUEROUACHE Nora', 'Lot C Villa 15 Baba Hassen', ' | Cardiologie', ' BABA HASSEN', 'DRARIA', '021 35 00 48', NULL, NULL, NULL, NULL, 36.7407871, 2.9483665),
(548, 'ZEBENTOUT Souad', '02, Chemin Ouali Mohamed Bologhine bab el oued', ' | Cardiologie', 'BAB EL OUED', 'BAB EL OUED', '021 96 82 63', NULL, NULL, NULL, NULL, 36.7955934, 3.04181),
(549, 'KRELIFA Cherif', '32 Rue Allouche Mustapha, B.E.O', ' | Cardiologie', 'BAB EL OUED', 'BAB EL OUED', '021 96 99 26', NULL, NULL, NULL, NULL, 36.7904927, 3.0575276),
(550, 'CHENANE Mohamed', '46,Rue Colonel Lotfi Bab El Oued', ' | Cardiologie', 'BAB EL OUED', 'BAB EL OUED', '021 96 05 08', NULL, NULL, NULL, NULL, 36.7906062, 3.0511671),
(551, 'Aoudia Yazid', '13 rue principale Bordj El Bahri', ' | Cardiologie', 'BORDJ EL BAHRI', 'DAR EL BEIDA', '0770 99 11 29', NULL, NULL, NULL, NULL, 36.784836, 3.241095),
(552, 'Hachemi Karim', 'Cite275logts b9 n5chemin des cretes Draria', ' | Cardiologie', 'DRARIA', 'DRARIA', '0776 06 62 07', NULL, NULL, NULL, NULL, 36.714159, 2.992595),
(553, 'AMALOU Sid Ali', 'Clinique Al Azhar Dely Ibrahim', ' | Cardiologie', 'DELY IBRAHIM', 'CHERAGA', '0776 09 50 27', NULL, NULL, NULL, NULL, 36.7627414, 2.9822174),
(554, 'Amrani Ali cherif', 'cite chevalley cnep bt 22 A Bouzareah Bouzareah', ' | Cardiologie', 'BOUZAREAH', 'BOUZAREAH', '0555 25 06 48/021 18 56 45', NULL, NULL, NULL, NULL, 36.7712937, 3.0114466),
(555, 'Dr Bouzid Moncef', '140 avenue ali khoudja, El-biar 16030 ALGER', ' | Dentaire', 'EL BIAR', 'BOUZAREAH', '021 92 85 66', 'info@docteurbouzid.com', NULL, NULL, '14-18:30', 36.7696314, 3.0291683),
(556, 'Dr BOUHBAL Nadia', '79, Lot Alioua Fodil Cheraga, Alger', ' | Dentaire', 'CHERAGA', 'CHERAGA', '561132413', 'drmazit@gmail.com', NULL, NULL, '8:30 - 17:30', 36.7675532, 2.9615489),
(557, 'SEKHRI FLICI Kahina', 'Lot44 rue Girou Cheraga', ' | Dentaire', 'CHERAGA', 'CHERAGA', '0552 88 28 00', NULL, NULL, NULL, NULL, 36.7588207, 2.9615914),
(558, 'ATIG Fares Chakib', '13 Boulevard ZIGHOUT Youcef, Alger Centre', ' | Dentaire', 'ALGER CENTRE', 'SIDI M\'HAMED', '021 73 77 08', NULL, NULL, NULL, NULL, 36.775825, 3.060526),
(559, 'NEDJARI Khaled', '5 route de ouled fayet Cheraga', ' | Dentaire', 'OULED FAYET ', 'CHERAGA', '0554 59 25 91', NULL, NULL, NULL, NULL, 36.7583453, 2.9528),
(560, 'IBACHIREN Dina', 'Cite 1090 lgmts (LSP) Bt. B04 Baba Hassen', ' | Dentaire', ' BABA HASSEN', 'DRARIA', '0550 09 09 27', NULL, NULL, NULL, NULL, 36.697611, 2.972498),
(561, 'DECHOUK Karim', '08, Avenue Colonel Lotfi Bab El Oued', ' | Dentaire', 'BAB EL OUED', 'BAB EL OUED', '021 62 17 02', NULL, NULL, NULL, NULL, 36.7911472, 3.0548966),
(562, 'DOUMI Omar', '99 boulevard des martyrs El Madania', ' | Dentaire', 'EL MADANIA', 'SIDI M\'HAMED', '021 27 30 24', NULL, NULL, NULL, NULL, 36.7503223, 3.0563334),
(563, 'AHMED YAHIA Nora', 'Cite Mafal BT A N 1 Reghaia', ' | Dentaire', 'REGHAIA', 'ROUIBA', '0774 16 43 45', NULL, NULL, NULL, NULL, 36.744203, 3.338242),
(564, 'AIT AKIL Abdelghani', '1 Rue Mohamed IDRISS, Alger Centre', ' | Dentaire', 'ALGER CENTRE', 'SIDI M\'HAMED', '021 73 27 86', NULL, NULL, NULL, NULL, 36.774982, 3.057927),
(565, 'NOUR Aicha', '1 Rue Hamouda ZOUGACHE, Hussein Dey', ' | Dentaire', 'HUSSEIN DEY', 'HUSSEIN DEY', '0557 38 39 19', NULL, NULL, NULL, NULL, 36.744219, 3.094094),
(566, 'BOUZID Noureddine', 'cite 310 logements Bt E38 , Les Bananiers', ' | Dentaire', 'MOHAMMADIA', 'DAR EL BEIDA', '021 89 78 87', NULL, NULL, NULL, NULL, 36.728873, 3.172954),
(567, 'AOUANOUK Abderrahmane', '110 av ZIAR Abdelkader Bologhine', ' | Dentaire', 'BOLOGHINE', 'BAB EL OUED', '05 57 98 47 60', NULL, NULL, NULL, NULL, 36.8047152, 3.0428571),
(568, 'GUERSI Djalel', '10 Rue Abbane Ramdane Ain Taya', ' | Dentaire', 'AIN TAYA', 'DAR EL BEIDA', '0661 22 33 58', NULL, NULL, NULL, NULL, 36.791746, 3.289311),
(569, 'OUKID Ghilas', '7, rue MOUZAOUI Abdelaziz Alger Centre', ' | Dentaire', 'ALGER CENTRE', 'SIDI M\'HAMED', '0551 86 38 35', NULL, NULL, NULL, NULL, 36.7775855, 3.0566635),
(570, 'OUNTEGHAR Mohamed', '29 abane ramdane Cheraga', ' | Dentaire', 'CHERAGA', 'CHERAGA', '0557 96 35 29/0662 26 61 78', NULL, NULL, NULL, NULL, 36.7698458, 2.9613748),
(571, 'BENMEJHED Khedidja', 'lot 203 lotissement c ext draria', ' | Dentaire', 'DRARIA', 'DRARIA', '0554 96 59 35', NULL, NULL, NULL, NULL, 36.716862, 2.995743),
(572, 'SEGHNI Amel Djamila', '08 rue el idrissi Alger Centre', ' | Dentaire', 'ALGER CENTRE', 'SIDI M\'HAMED', '0697 21 59 12', NULL, NULL, NULL, NULL, 36.7749551, 3.0324449),
(573, 'HADDADI Ibrahim', 'lotissement des jeunes aveugle n 100 Draria', ' | Dentaire', 'DRARIA', 'DRARIA', '0669 08 71 70', NULL, NULL, NULL, NULL, 36.718376, 3.002797),
(574, 'TAMERSIT Naima', 'Cite 800 logiciel lot 112 Beni Messous', ' | Dentaire', 'BENI MESSOUS ', 'BOUZAREAH', '0665 19 37 26', NULL, NULL, NULL, NULL, 36.783629, 2.973056),
(575, 'KHENOUF Meriem', '21 bd des martyrs El Mouradia', ' | Dentaire', 'EL MOURADIA', 'SIDI M\'HAMED', '0662 41 69 72', NULL, NULL, NULL, NULL, 36.753512, 3.0490667),
(576, 'KHAMIS Abderrahim', 'cite Ali sadek 2 Bordj El Kiffan', ' | Dentaire', 'BORDJ EL KIFFAN', 'DAR EL BEIDA', '0771 69 55 67', NULL, NULL, NULL, NULL, 36.7531263, 3.2333408),
(577, 'BOUGUERRA - AMGHAR Karima', '18 Avenue RAIS HAMIDOU, Rais Hamidou', ' | Dentaire', 'RAIS HAMIDOU', 'BAB EL OUED', '0554 34 69 53', NULL, NULL, NULL, NULL, 36.816571, 3.009884),
(578, 'ZaAHOUAL Braham', '294,Boulevard Bougara El Biar', ' | Dentaire', 'EL BIAR', 'BOUZAREAH', '021 92 28 95', NULL, NULL, NULL, NULL, 36.7684801, 3.0315463),
(579, 'ZOULAI Zakaria', 'cite Dahlia 2 Mohammadia', ' | Dentaire', 'MOHAMMADIA', 'DAR EL BEIDA', '0553 00 24 18', NULL, NULL, NULL, NULL, 36.73205, 3.139928),
(580, 'CHEBBI Fethi', 'cite 11 Decembre DELY IBRAHIM ALGER', ' | Dentaire', 'DELY IBRAHIM', 'CHERAGA', '0797 73 02 97', NULL, NULL, NULL, NULL, 36.753423, 2.979955),
(581, 'ALOUI Badredine', '104 Bd Krim Belkacem Telemly Alger Centre', ' | Dentaire', 'ALGER CENTRE', 'SIDI M\'HAMED', '0554 86 91 78', NULL, NULL, NULL, NULL, 36.7706561, 3.0503587),
(582, 'ALILAT Hania', '18, Rue Ali Ouazane Hydra', ' | Dentaire', 'HYDRA', 'BIR MOURAD RAIS', '06 61 58 66 49', NULL, NULL, NULL, NULL, 36.7436798, 3.0448807),
(583, 'BELDJAZIA Ramzi', '03 Rue Rachid Tidjani. Alger centre.', ' | Dentaire', 'ALGER CENTRE', 'SIDI M\'HAMED', '0661 25 30 20', NULL, NULL, NULL, NULL, 36.772215, 3.0560205),
(584, 'DERAMCHIA Maamar', 'Bt A Rue Ayachi Mohamed BELCOURT', ' | Dentaire', 'EL HAMMA', 'HUSSEIN DEY', '023 51 31 36', NULL, NULL, NULL, NULL, 36.753767, 3.062948),
(585, 'BOUSSAID Nacera', '2 Rue Taher BOUCHEDA, El-Harrach', ' | Dentaire', 'EL-HARRACH', 'EL-HARRACH', '0772 58 02 06', NULL, NULL, NULL, NULL, 36.719926, 3.14446),
(586, 'Dr Anwar BOUANANI', '27 Alger centre ahmes zabana alger', ' | Chir.Urologie', 'ALGER CENTRE', 'SIDI M\'HAMED', '021 71 88 67', NULL, NULL, NULL, '9:00- 17:00', 36.765263, 3.053649),
(587, 'Dr. OTMANI Salah', 'Cite ARMAF bt B3, Chevalley, Alger.', ' | Chir.Urologie', 'BOUZAREAH', 'BOUZAREAH', '0774 64 93 77', NULL, NULL, NULL, '    14 H 00 - 17 H 00', 36.76801, 3.00851),
(588, 'Dr. TIAB MOHAMED SALAH', 'Cite bendjaida N 1 ALGER BORDJ EL BAHRI, Alger', ' | Chir.Urologie', 'BORDJ EL BAHRI', 'DAR EL BEIDA', '772472915', 'tiabsalah@yahoo.fr', NULL, NULL, '08:30 -17:00', 36.789845, 3.242431),
(589, 'Dr. BOUGUERROUCHE Youssef', '3 cooperative el yasmine Ouled Fayet ALGER', ' | Chir.Urologie', 'OULED FAYET ', 'CHERAGA', '552625630', '    bougyoo@yahoo.fr', NULL, NULL, '08:30 - 17:00', 36.7381108, 2.9515661),
(590, 'Dr. MOKRANI Namyk', 'Cite cnep des 250 logements .bat K CHEREGA, Alger', ' | Chir.Urologie', 'CHERAGA', 'CHERAGA', '551210041', '   namyk_mokrani@hotmail.com', NULL, NULL, '8:30 -3:00', 36.768266, 2.955683),
(591, 'OTMANI Salah', 'Cite ARMAF Bt B3- Chevalley-Chateauneuf- Alger Dely Brahim Alger', ' | Chir.Urologie', 'DELY IBRAHIM', 'CHERAGA', '021 93 87 93', NULL, NULL, NULL, NULL, 36.769408, 3.021229),
(592, 'OUCHERIF', '3 Rue Ali Boumendjel Alger', ' | Chir.Urologie', 'ALGER CENTRE', 'SIDI M\'HAMED', '021 74 82 10', NULL, NULL, NULL, NULL, 36.7798703, 3.0593045),
(593, 'M Bellili', 'Cite 8 mai 1945 Bt 80 B Bab Ezzouar Alger', ' | Chir.Urologie', 'BAB EZZOUAR', 'DAR EL BEIDA', '021 21 31 85 / 0661 56 32 67', NULL, NULL, NULL, NULL, 36.7357969, 3.1811428),
(594, 'Touati Med Nazim', 'carrefour des eucalyptus Les Eucalyptus Alger', ' | Chir.Urologie', 'LES EUCALYPTUS', 'BARAKI', '0770 63 02 02', NULL, NULL, NULL, NULL, 36.7294136, 3.1788334),
(595, 'REBIHA Rachid', '77 Rue Didouche Mourad Alger', ' | Chir.Urologie', 'ALGER CENTRE', 'SIDI M\'HAMED', '021 71 97 33', NULL, NULL, NULL, NULL, 36.7657059, 3.050976),
(596, 'HACHI KARIM', '14 Rue FAYCEL MEBAREK Sidi Mhamed Alger', ' | Chir.Urologie', 'ALGER CENTRE', 'SIDI M\'HAMED', '021 65 82 19', NULL, NULL, NULL, NULL, 36.7537727, 3.0587254),
(597, 'YOUCEF KHODJA S.E.', '6 Rue Larbi Ben Mhidid Alger', ' | Chir.Urologie', 'ALGER CENTRE', 'SIDI M\'HAMED', '021 71 85 54', NULL, NULL, NULL, NULL, 36.7754427, 3.0587519),
(598, 'SEBTI', '21 Rue Ibn El Khatib Alger', ' | Chir.Urologie', 'ALGER CENTRE', 'SIDI M\'HAMED', '021 74 92 03', NULL, NULL, NULL, NULL, 36.7628055, 3.0480042),
(599, 'dr Benouniche', '224 Logts BT 14, Ain Naadja 16000 Alger', ' | Chir.Urologie', 'GUE DE CONSTANTINE', 'BIR MOURAD RAIS', '023 56 65 21', NULL, 'https://www.facebook.com/chirurgienurologueBenouniche/', NULL, NULL, 36.7061596, 3.0582653),
(600, 'Cabinet Medical d\'Urologie Pr Oucherif', '03 Rue Ali Boumendjel? Alger 16000', ' | Chir.Urologie', 'ALGER CENTRE', 'SIDI M\'HAMED', '021 74 82 10', NULL, NULL, NULL, NULL, 36.779725, 3.058892),
(601, 'Dr N.CHIOUKH', '4, rue de la Revolution, Beni Messous, Alger? Beni Messous', ' | Chir.Urologie', 'BENI MESSOUS', 'BOUZAREAH', '021 93 30 02', NULL, NULL, NULL, ' 08:00-16:00', 36.7796568, 2.9772788),
(602, 'UROLOGUE Dr TIAB Med Salah', 'Bordj El Bahri', ' | Chir.Urologie', 'BORDJ EL BAHRI', 'DAR EL BEIDA', '0772 47 29 15', NULL, NULL, NULL, '08:30-17:00', 36.7791328, 3.2404681),
(603, 'AIT AMMOUR', 'allioua, Rue Alioua Fodil, Cheraga', ' | Chir.Urologie', 'CHERAGA', 'CHERAGA', ' 0771 34 27 14', NULL, NULL, NULL, ' 08:30-18:00', 36.7642004, 2.9491961),
(604, 'DR AIDER', '04 rue abderahmane hami, bab el oued,, bab el oued (en face de l\'hopital maillot)? 16000', ' | Chir.Urologie', 'BAB EL OUED', 'BAB EL OUED', ' 021 96 92 07', NULL, NULL, NULL, ' 08:00-16:00', 36.79312, 3.05114),
(605, 'BELOUCIF TEWFIK', '30 BOULEVARD MOHAMED V Mohamed V, Alger (16), Algerie', ' | Chir.Urologie', 'ALGER CENTRE', 'SIDI M\'HAMED', '23505436', NULL, NULL, NULL, NULL, 36.7456978, 3.0411829),
(606, 'HABCHI OUISSAM', 'CITE 5 JUILLET BT 80D 1ER ETAGE 1 Bab Ezzouar, Alger (16), Algerie', ' | Chir.Urologie', 'BAB EZZOUAR', 'DAR EL BEIDA', '23835566', NULL, NULL, NULL, NULL, 36.721661, 3.182859),
(607, 'HADDOUCHE ALI', '4 CITE 720 LOGTS BT 1 Ain Naadja, Alger (16), Algerie', ' | Gynecologie | Chir.Urologie', 'GUE DE CONSTANTINE', 'BIR MOURAD RAIS', '21261833', 'aliuro70@gmail,com', NULL, NULL, NULL, 36.7130355, 3.0851336),
(608, 'Dr. Berrazouane nee Bennacer', 'cite Fougeroux BT10 Chevalley Bouzarea Alger', ' | Gynecologie', 'BOUZAREAH', 'BOUZAREAH', '21937421', ' bennacer-malika@hotmail.fr', NULL, NULL, '09-16:30', 36.772082, 3.005893),
(609, 'Dr. BENALI Fatima Zohra', '30 Boulevard Nessira Nourredine Sidi M\'Hamed', ' | Gynecologie', 'SIDI M\'HAMED', 'SIDI M\'HAMED', '23514222', 'fabenaliz@yahoo.fr', NULL, NULL, '9:00 -15:00', 36.755503, 3.058393),
(610, 'Dr MIMOUNI OUGUERGOUZ Leila', 'Cite de la wilaya, Chevalley, Alger.', ' | Gynecologie', 'BOUZAREAH', 'BOUZAREAH', '021 93 50 18', 'mimouni.leila@yahoo.fr ', 'portail-medicaldz.com/item/dr-mimouni-ouguergouz-leila/', NULL, '8:30-16:30', 36.769852, 3.007061),
(611, 'Dr .TOUMI Smail', '13, Rue Yahia NECHAR - Rais Hamidou (Alger)', ' | Gynecologie', 'RAIS HAMIDOU', 'BAB EL OUED', '021.70.88.66', NULL, NULL, NULL, NULL, 36.8171787, 3.012008),
(612, 'Dr. HAMITOUCHE Khaled', '01 rue du traite El biar, Alger', ' | Gynecologie', 'EL BIAR', 'BOUZAREAH', '21926127', 'khaledhamitouche@yahoo.fr', NULL, NULL, '08:30-17:00', 36.768575, 3.026167),
(613, 'Dr. SAKER RENNANE FARIDA', '53 cooperative El fer d\'aout Draria, Alger', ' | Gynecologie', 'DRARIA', 'DRARIA', '550222042', 'rennanefarida@yahoo.com', NULL, NULL, '08h30-18h00  ', 36.7133535, 2.9676918),
(614, 'Dr Ferriel HAFID Eps. AMMOURA', 'Bois des cars 3 lot p17 dely Ibrahim ALGER', ' | Gynecologie', 'DELY IBRAHIM', 'CHERAGA', '556799513', 'ferrielh@gmail.com', NULL, NULL, NULL, 36.7528106, 2.9753061),
(615, 'HADABI Kamel', 'Rue de la Cite des Falaises Bt6, Ain Taya', ' | Gynecologie', 'AIN TAYA', 'DAR EL BEIDA', '021 86 78 33', NULL, NULL, NULL, NULL, 36.796896, 3.287028),
(616, 'YANES ep LARIBI Fettouma', 'Lot Hai Si El Howasse,batiment A Ain Taya', ' | Gynecologie', 'AIN TAYA', 'DAR EL BEIDA', '021 86 76 68', NULL, NULL, NULL, NULL, 36.7892266, 3.2985769),
(617, 'BAAMER Zohra', 'Cite 300 Logts Saoudiens Bt 36 n 1 Bab Ezzouar', ' | Gynecologie', 'BAB EZZOUAR', 'DAR EL BEIDA', '021 24 82 37', NULL, NULL, NULL, NULL, 36.722896, 3.1513319),
(618, 'BELGEMBOUR BOUAICHE Aicha', 'Cite 5 juillet Bt Bab Ezzouar', ' | Gynecologie', 'BAB EZZOUAR', 'DAR EL BEIDA', '021 24 64 92', NULL, NULL, NULL, NULL, 36.7215061, 3.1828809),
(619, 'GHEBBI Rachida', 'Cite 8 Mai 1945 Bt 5 C Appt n 2 Bab Ezzouar', ' | Gynecologie', 'BAB EZZOUAR', 'DAR EL BEIDA', '021 51 03 62', NULL, NULL, NULL, NULL, 36.7325417, 3.0725792),
(620, 'ASSELAH Houria', 'Cite EGECO Badjerah 2 Bt 14 n 1 Bach Djarah', ' | Gynecologie', 'BACH DJARAH', 'EL-HARRACH', '021 26 65 45', NULL, NULL, NULL, NULL, 36.7215382, 3.0856722),
(621, 'MEKKI Kheira', 'Cite du 8 Mai 45 Bt 64 Bab Ezzouar', ' | Gynecologie', 'BAB EZZOUAR', 'DAR EL BEIDA', '021 50 69 08', NULL, NULL, NULL, NULL, 36.7325417, 3.0725792),
(622, 'BOUZID Malika', 'BaCHDJERAH 1 BT 20 Bach Djarah', ' | Gynecologie', 'BACHDJERAH', 'EL-HARRACH', '021 26 17 52', NULL, NULL, NULL, NULL, 36.7215382, 3.0856722),
(623, 'CHALA Karima', 'CITE BADJERAH 1 BT 25 CAGE 06 N 06', ' | Gynecologie', 'BACHDJERAH', 'EL-HARRACH', '021 58 10 11', NULL, NULL, NULL, NULL, 36.7215383, 3.0856723),
(624, 'DJENNAOUI Nouria', 'Cite BADJERAH 1 Bt 32C N1', ' | Gynecologie', 'BACHDJERAH', 'EL-HARRACH', '021 26 15 59', NULL, NULL, NULL, NULL, 36.7215384, 3.0856724),
(625, 'MITICHE Houria', 'Cite EGECO bt35 n1 Bach Djarah', ' | Gynecologie', 'BACHDJERAH', 'EL-HARRACH', '021 26 61 16', NULL, NULL, NULL, NULL, 36.7215385, 3.0856725),
(626, 'KARKOUCHE HAMMACHE Nabila', 'Cite Rezki Kahal bt C 1 Belcourt Belouizdad', ' | Gynecologie', 'ALGER CENTRE', 'SIDI M\'HAMED', '021 67 09 55', NULL, NULL, NULL, NULL, 36.7504882, 3.0551167),
(627, 'SAIB Khelifa', '541 Rue MUSTAPHA Djadi Baraki', ' | Gynecologie', 'BARAKI', 'BARAKI', '021 53 35 97', NULL, NULL, NULL, NULL, 36.6701874, 3.0634359),
(628, 'HADJERES Nassima', 'Lot 205 A Baraki', ' | Gynecologie', 'BARAKI', 'BARAKI', '021 53 33 72', NULL, NULL, NULL, NULL, 52.2492503, -7.0999531),
(629, 'BOUDEGZDAME Razika', 'Lot 317 Baraki', ' | Gynecologie', 'BARAKI', 'BARAKI', '021 53 35 72', NULL, NULL, NULL, NULL, 52.2492503, -7.0999531),
(630, 'ZEKI Nadia', '50 Rue Med Belouizdad', ' | Gynecologie', 'ALGER CENTRE', 'SIDI M\'HAMED', '021 66 85 91', NULL, NULL, NULL, NULL, 36.7470752, 3.0719995),
(631, 'AIT IDIR Fatima', '18, rue ahmed selmi H.DEY', ' | Gynecologie', 'HUSSEIN DEY', 'HUSSEIN DEY', '021 77 88 26', NULL, NULL, NULL, NULL, 36.7387295, 3.1001789),
(632, 'ZIKI- DJOUDI Nadia', '50 Rue Med Belouizdad Hamma Annasser', ' | Gynecologie', 'EL HAMMA', 'HUSSEIN DEY', '021 66 85 91', NULL, NULL, NULL, NULL, 36.7484043, 3.075778),
(633, 'RABAHI -AMARA Samira', '20 RUE AHMED AOUNE El Harrach', ' | Gynecologie', 'EL-HARRACH', 'EL-HARRACH', '021 52 88 61', NULL, NULL, NULL, NULL, 36.7207173, 3.1408963),
(634, 'OUALI Ilies', 'Cite AISSAT IDIR Bt8 El Harrach', ' | Gynecologie', 'EL-HARRACH', 'EL-HARRACH', '021 82 85 45', NULL, NULL, NULL, NULL, 36.756684, 3.058475),
(635, 'BOUCETTA Aziz', 'Cite 310 Logt Bt 122 Gue de constantine', ' | Gynecologie', 'GUE DE CONSTANTINE', 'BIR MOURAD RAIS', '021 83 60 27', NULL, NULL, NULL, NULL, 36.6928384, 3.0435017),
(636, 'BENLAOUKLI Fatma Zohra', 'Cite 1074 Logt BT 35 B N6 Gue de constantine', ' | Gynecologie', 'GUE DE CONSTANTINE', 'BIR MOURAD RAIS', '021 22 13 27', NULL, NULL, NULL, NULL, 36.6928385, 3.0435018),
(637, 'BEDERINA Khadidja', '582 Logement BT B8 Ain Naadja', ' | Gynecologie', 'GUE DE CONSTANTINE', 'BIR MOURAD RAIS', '021 55 89 17', NULL, NULL, NULL, NULL, 36.7130355, 3.0851336),
(638, 'GHANNAM Houria', '8,rue badredine redjimi Kouba', ' | Gynecologie', 'KOUBA', 'HUSSEIN DEY', '021 58 14 45', NULL, NULL, NULL, NULL, 36.73309, 3.0856686),
(639, 'CHIBANI-LAMARA Wahiba', 'CITE GARIDI 1 BT 7 N  1 Kouba', ' | Gynecologie', 'KOUBA', 'HUSSEIN DEY', '021 58 69 66', NULL, NULL, NULL, NULL, 36.7130355, 3.0851336),
(640, 'BRIHMAT Ahmed', '157 Parc ben omar kouba', ' | Gynecologie', 'KOUBA', 'HUSSEIN DEY', '021 28 22 24', NULL, NULL, NULL, NULL, 36.725583, 3.091332),
(641, 'BOUHADJI Mustapha', '74, av des freres abdeslemi Kouba', ' | Gynecologie', 'KOUBA', 'HUSSEIN DEY', '021 58 37 50', NULL, NULL, NULL, NULL, 36.7292171, 3.0826633),
(642, 'BENNEFISSA Yasma', '8,RUE MED GARIDI Kouba', ' | Gynecologie', 'KOUBA', 'HUSSEIN DEY', '021 58 02 57', NULL, NULL, NULL, NULL, 36.73296, 3.083199),
(643, 'AIT MALEK Youssef', 'Cite Garidi 2 Kouba', ' | Gynecologie', 'KOUBA', 'HUSSEIN DEY', '021 58 02 38', NULL, NULL, NULL, NULL, 36.732023, 3.06259),
(644, 'AISSAT Faiza', 'Cite Ben Omar Kouba', ' | Gynecologie', 'KOUBA', 'HUSSEIN DEY', '021 29 71 78', NULL, NULL, NULL, NULL, 36.727487, 3.097292),
(645, 'ABDELHAK Malika', 'Cite les ANNASSERS 2 Bt C 20 Kouba', ' | Gynecologie', 'KOUBA', 'HUSSEIN DEY', '021 29 44 79', NULL, NULL, NULL, NULL, 36.7126928, 3.0853685),
(646, 'REMANA Souad', 'Rue Djoudit Zitouni Bt7 H.DEY', ' | Gynecologie', 'HUSSEIN DEY', 'HUSSEIN DEY', '021 23 10 12', NULL, NULL, NULL, NULL, 36.738848, 3.094468),
(647, 'BENGHERBIA Abderrahmane', '65,RUE DE TRIPOLI Hussein Dey', ' | Gynecologie', 'HUSSEIN DEY', 'HUSSEIN DEY', '021 77 11 68', NULL, NULL, NULL, NULL, 36.7433189, 3.0970509),
(648, 'AIT RAMDANE Djamila', 'LOT 4493 bat N 16 EUCALYPTUS', ' | Gynecologie', 'LES EUCALYPTUS', 'BARAKI', '021 50 36 45', NULL, NULL, NULL, NULL, 13.094092, 77.588746),
(649, 'YESLI Maamar', 'Cooperative el besma garidi 2 Kouba', ' | Gynecologie', 'KOUBA', 'HUSSEIN DEY', '021 54 15 29', NULL, NULL, NULL, NULL, 36.73192, 3.058923),
(650, 'MENHOUR Messaouda', 'Cite jolie Vue 2 Bt B21 Kouba', ' | Gynecologie', 'KOUBA', 'HUSSEIN DEY', '021 28 57 00', NULL, NULL, NULL, NULL, 36.7239901, 3.0812972),
(651, 'KACIMI Djamel', 'Cite RAHMA les Sources Kouba', ' | Gynecologie', 'KOUBA', 'HUSSEIN DEY', '021 44 82 34', NULL, NULL, NULL, NULL, 36.727307, 3.081975),
(652, 'HAMZA Attika', '40 Avenu Med Fellah Kouba', ' | Gynecologie', 'KOUBA', 'HUSSEIN DEY', '021 29 95 37', NULL, NULL, NULL, NULL, 36.731198, 3.088199),
(653, 'OUNISSI DJARI Yasmina', 'Cite DNC Bt A35 n  3 Reghaia', ' | Gynecologie', 'REGHAIA', 'ROUIBA', '021 85 81 07', NULL, NULL, NULL, NULL, 36.7458125, 3.0439066),
(654, 'KADDACHE Sofiane', 'Cenestal Bt D n 67 Reghaia', ' | Gynecologie', 'REGHAIA', 'ROUIBA', '021 85 73 52', NULL, NULL, NULL, NULL, 36.7461986, 3.0432188),
(655, 'HANSAL Taous', 'Cite Mafal Bt A 5 n 41 Reghaia', ' | Gynecologie', 'REGHAIA', 'ROUIBA', '021 85 78 85', NULL, NULL, NULL, NULL, 36.7461986, 3.0432188),
(656, 'BRAKCHI Abdelhamid', 'Cite Segna Bt 06 cage A Reghaia', ' | Gynecologie', 'REGHAIA', 'ROUIBA', '021 81 48 99', NULL, NULL, NULL, NULL, 36.7461986, 3.0432198),
(657, 'ALLAOUA BELKASMI Fouzia', 'Cooperative immobiliere El Amel Lot n 4 Reghaia', ' | Gynecologie', 'REGHAIA', 'ROUIBA', '021 85 93 55', NULL, NULL, NULL, NULL, 36.7461986, 3.0432198),
(658, 'BAGDAD Fatiha', 'Cite 632 Logements Bt 13 Mohammadia', ' | Gynecologie', 'MOHAMMADIA', 'DAR EL BEIDA', '021 75 61 79', NULL, NULL, NULL, NULL, 36.730359, 3.147159),
(659, 'BENHABILES Wahiba', 'Lot C villa n  7 Ain Benian', ' | Gynecologie', 'AIN BENIAN', 'CHERAGA', '021 30 43 43', NULL, NULL, NULL, NULL, 36.7510297, 2.9755864),
(660, 'SASSI BOUNAB Nadia', 'Cite des 500 LOGTS B 11 Ain Benian', ' | Gynecologie', 'AIN BENIAN', 'CHERAGA', '021 30 28 18', NULL, NULL, NULL, NULL, 36.7941927, 2.8923646),
(661, 'BOUDRICHE Houria', 'Cite des 138 Logts Ain Benian', ' | Gynecologie', 'AIN BENIAN', 'CHERAGA', '021 30 12 37', NULL, NULL, NULL, NULL, 36.8034832, 2.9252425),
(662, 'AIT ABDELMALEK Naima', 'Cite Capitaine Saad Sidi Moussa', ' | Gynecologie', 'SIDI MOUSSA', 'BARAKI', '021 76 06 87', NULL, NULL, NULL, NULL, 36.607851, 3.086135),
(663, 'MOUSSAOUI Yamina', 'Lotissement CADAT villa n 73 Rouiba', ' | Gynecologie', 'ROUIBA', 'ROUIBA', '021 85 47 95', NULL, NULL, NULL, NULL, 36.738046, 3.2760991),
(664, 'KHALFALLAH Meriema', 'Cite de l\'hopital Bt A4, n 45 Rouiba', ' | Gynecologie', 'ROUIBA', 'ROUIBA', '021 81 72 12', NULL, NULL, NULL, NULL, 36.7364186, 3.2857151),
(665, 'DAGUI Tahar', '5Rue Fatih IRATNI, Bab El Oued', ' | Gynecologie', 'BAB EL OUED', 'BAB EL OUED', '021 96 89 89', NULL, NULL, NULL, NULL, 36.791791, 3.060419),
(666, 'LAKHLEF BOULARAS Fatima', '21,Rue Ferhat Boussad (ex: Meissonier) Alger Centre', ' | Gynecologie', 'ALGER CENTRE', 'SIDI M\'HAMED', '021 23 79 98', NULL, NULL, NULL, NULL, 36.76571, 3.051806),
(667, 'KEDJI Achour', '8 Rue Ali Azil Alger Centre', ' | Gynecologie', 'ALGER CENTRE', 'SIDI M\'HAMED', '021 42 83 60', NULL, NULL, NULL, NULL, 36.7675857, 3.0550649),
(668, 'MAHMOUDI-CHERFAOUI Fadila', '3,Boulevard Basta Bab El Oued', ' | Gynecologie', 'BAB EL OUED', 'BAB EL OUED', '021 96 05 42', NULL, NULL, NULL, NULL, 36.7921747, 3.0510512),
(669, 'DILMI-AMIROUCHE Hanifa', '17,Rue Med Boubella Bab El Oued', ' | Gynecologie', 'BAB EL OUED', 'BAB EL OUED', '021 96 20 50', NULL, NULL, NULL, NULL, 36.7902644, 3.0589628),
(670, 'DEHMAS-CHERCHOUR Malika', '41,Rue Colonel Lotfi Bab El Oued', ' | Gynecologie', 'BAB EL OUED', 'BAB EL OUED', '021 96 57 92', NULL, NULL, NULL, NULL, 36.7906062, 3.0511671),
(671, 'DAHANE Taleb', '11,Rue Brahim Gharafa Bab El Oued', ' | Gynecologie', 'BAB EL OUED', 'BAB EL OUED', '021 97 61 52', NULL, NULL, NULL, NULL, 36.7915635, 3.054037),
(672, 'KARABERNOU Naima', '117bis rue ali Ramli Bouzareah', ' | Gynecologie', 'BOUZAREAH', 'BOUZAREAH', '021 90 32 56', NULL, NULL, NULL, NULL, 36.786641, 3.013676),
(673, 'BOUDIAF Abderrahmane', '59 RUE ALI REMLI Bouzareah', ' | Gynecologie', 'BOUZAREAH', 'BOUZAREAH', '021 94 39 89', NULL, NULL, NULL, NULL, 36.7865904, 3.0135477),
(674, 'TERKMANE EpP DOUGDEG Soumia', '6,RUE DES COUSINS GOURAYA Birkhadem', ' | Gynecologie', 'BIRKHADEM', 'BIR MOURAD RAIS', '021 55 54 43', NULL, NULL, NULL, NULL, 36.7147024, 3.0135389),
(675, 'FARSI-DRAGH Douniazed', '9,RUE KACIMI BACHIR Birkhadem', ' | Gynecologie', 'BIRKHADEM', 'BIR MOURAD RAIS', '021 55 49 52', NULL, NULL, NULL, NULL, 36.7147024, 3.0135389),
(676, 'OUAZIB KENAI Miassa', '07,rue maddas douera Douera', ' | Gynecologie', 'DOUERA', 'DRARIA', '021 41 79 41', NULL, NULL, NULL, NULL, 36.6682769, 2.8627936),
(677, 'RAHMOUNI Wassila', 'villa N 8 Bois des cars III Dely Ibrahim', ' | Gynecologie', 'DELY IBRAHIM', 'CHERAGA', '021 36 49 62', NULL, NULL, NULL, NULL, 36.753527, 2.978418),
(678, 'MEKAOUCHA Zohra', '8 Place Ben Badis Cheraga', ' | Gynecologie', 'CHERAGA', 'CHERAGA', '021 37 22 52', NULL, NULL, NULL, NULL, 36.765524, 2.960177),
(679, 'LAHRECHE Anissa', 'Rue Tella Hacene Cheraga', ' | Gynecologie', 'CHERAGA', 'CHERAGA', '021 37 17 14', NULL, NULL, NULL, NULL, 36.765524, 2.960177),
(680, 'GUENANE Abdelouahab', 'CITE CNEP 250 logts BT C Cheraga', ' | Gynecologie', 'CHERAGA', 'CHERAGA', '021 36 36 34', NULL, NULL, NULL, NULL, 36.774385, 3.013369),
(681, 'HOCINI - BELAID Ferroudja', 'CITE POLICE FOUGEROUX, BT G2 N 4 Bouzareah', ' | Gynecologie', 'BOUZAREAH', 'BOUZAREAH', '021 93 81 64', NULL, NULL, NULL, NULL, 36.773347, 3.007748),
(682, 'AWATEF Chebila', 'Cite La Concorde Bir Mourad Rais batiment K', ' | Gynecologie', 'BIR MOURAD RAIS', 'BIR MOURAD RAIS', '021 54 17 24', NULL, NULL, NULL, NULL, 36.735408, 3.045754),
(683, 'MAMI TALBI Hanifa', 'Cite des Asphodeles - BT C? Apprt 34 Cage 3 Ben Aknoun Alger? Alger 16306', ' | Gynecologie', 'BEN AKNOUN', 'BOUZAREAH', '021 91 34 54', NULL, NULL, NULL, NULL, 36.760538, 3.012083),
(684, 'ZEFIZEF Med Lamine', 'Cite Municipale Lot B N 45 Baba Hassen', ' | Gynecologie', 'BABA HASSEN', 'DRARIA', '021 35 21 55', NULL, NULL, NULL, NULL, 36.6960277, 2.9415135),
(685, 'MEDJTOUH-LEBDAI Zakia', '10,Rue Askri Ahcene Bab El Oued', ' | Gynecologie', 'BAB EL OUED', 'BAB EL OUED', '021 97 51 45', NULL, NULL, NULL, NULL, 36.7880253, 3.0505795),
(686, 'BELHAMMOU Ahmed', '32,Rue Allouche Mustapha(Nelson) Bab El Oued', ' | Gynecologie', 'BAB EL OUED', 'BAB EL OUED', '021 96 46 00', NULL, NULL, NULL, NULL, 36.7904989, 3.0600262),
(687, 'ZBIRI Amel', '31 Rue Didouche Mourad Alger Centre', ' | Gynecologie', 'ALGER CENTRE', 'SIDI M\'HAMED', '021 72 55 99', NULL, NULL, NULL, NULL, 36.7671445, 3.0532715),
(688, 'NARAOUI Dalila', '5 Rue Hassiba Ben Bouali, Alger Centre', ' | Gynecologie', 'ALGER CENTRE', 'SIDI M\'HAMED', '021 23 62 14', NULL, NULL, NULL, NULL, 36.754273, 3.06746),
(689, 'HEDJEM Nadia', '3 Rue Hadj Ahmed Mohamed Hydra', ' | Gynecologie', 'HYDRA', 'BIR MOURAD RAIS', '021 92 41 06', NULL, NULL, NULL, NULL, 36.7477174, 3.0331634),
(690, 'FRAOUCENE ABED Mounia', '34, Ave Malika Gaid El Biar', ' | Gynecologie', 'EL BIAR', 'BOUZAREAH', '021 90 06 03', NULL, NULL, NULL, NULL, 36.772519, 3.0417095),
(691, 'BOSLI CHERIFI Rabea', 'CITE CNS BT 6 Dely Ibrahim', ' | Gynecologie', 'DELY IBRAHIM', 'CHERAGA', '021 93 88 15', NULL, NULL, NULL, NULL, 36.768171, 3.005887),
(692, 'CHADI Samia', 'Cite des 200 Logts BlocN 1 Appt N 5 El Achour', ' | Gynecologie', 'EL ACHOUR', 'DRARIA', '021 30 01 24', NULL, NULL, NULL, NULL, 36.7409725, 2.9937148),
(693, 'YOUCEF KHODJA Abdenour', 'Lotissement Said Hamdine Lot N 18 Hydra', ' | Gynecologie', 'HYDRA', 'BIR MOURAD RAIS', '021 54 73 82', NULL, NULL, NULL, NULL, 36.7488398, 3.0394407),
(694, 'MOHABEDDINE Karima', '100, CHEMIN AEK -Clinique Diar Saada El Madania', ' | Gynecologie', 'EL MADANIA', 'SIDI M\'HAMED', '021 27 73 65', NULL, NULL, NULL, NULL, 36.743568, 3.059351),
(695, 'HAFIDI BOUKSANI Zhor', 'Cite Cnep N 16 Zeralda', ' | Gynecologie', 'ZERALDA', 'ZERALDA', '021 32 85 40', NULL, NULL, NULL, NULL, 36.710306, 2.843855),
(696, 'ZELLAGUI OUKAOUR Soraya', '2, rue Voltaire, Place du 1er Mai Sidi M\'Hamed', ' | Gynecologie', 'SIDI M\'HAMED', 'SIDI M\'HAMED', '021 66 00 02', NULL, NULL, NULL, NULL, 36.7615606, 3.0550268),
(697, 'OUMEZIANE - HADDADJ Amina', 'cite 47 logements bt 5 N 9 Saoula', ' | Gynecologie', 'SAOULA', 'BIR MOURAD RAIS', '021 35 60 47', NULL, NULL, NULL, NULL, 36.687502, 3.027634),
(698, 'HANNACHI Samia', '3 freres djilali Birkhadem', ' | Gynecologie', 'BIRKHADEM', 'BIR MOURAD RAIS', '0699 57 04 92', NULL, NULL, NULL, NULL, 36.726389, 3.051093),
(699, 'HADDADI Hacina', '146 lotissement la corniche Ain Benian', ' | Gynecologie', 'AIN BENIAN', 'CHERAGA', '0770 93 55 95', NULL, NULL, NULL, NULL, 36.7941927, 2.8923646),
(700, 'Dr Ouahiba HAMMOUCHE', 'Cite des sources Bt 07 N 04 les sources Bir Mourad Rais Alger', ' | ORL', 'BIR MOURAD RAIS', 'BIR MOURAD RAIS', '021 56 37 84', NULL, NULL, NULL, NULL, 36.716238, 3.085868),
(701, 'Dr Mazouz Yacine', '10 rue m\'barek el mili parc miremont bouzareah alger', ' | ORL', 'BOUZAREAH', 'BOUZAREAH', '021 93 70 80 /0554-35-41-34', NULL, NULL, NULL, '8h 30 -17 h', 36.7751165, 3.0095673),
(702, 'ABAD Abdelhamid', '8 Cours Aissat Idir el harrach', ' | ORL', 'EL-HARRACH', 'EL-HARRACH', '021 52 45 87', NULL, NULL, NULL, NULL, 36.704084, 3.144927),
(703, 'ABDELOUAHAB Hacene', '116 rue Didouche Mourad Sidi Mhamed', ' | ORL', 'SIDI M\'HAMED', 'SIDI M\'HAMED', '021 74 63 40', NULL, NULL, NULL, NULL, 36.7644829, 3.048799),
(704, 'ALILI Si Said', 'Cite Bachdjarah 1 Bt B22 Bach Djerrah', ' | ORL', 'BACHDJERAH', 'EL-HARRACH', '021 26 17 75', NULL, NULL, NULL, NULL, 36.7231554, 3.0940352),
(705, 'Belhadj ali', 'cite CNEP Bt03 n 02 Hai el badr Bach Djerrah', ' | ORL', 'BACHDJERAH', 'EL-HARRACH', '021 28 27 27', NULL, NULL, NULL, NULL, 36.728078, 3.101999),
(706, 'BENSEMANE Reda', '14 rue Didouche Mourad', ' | ORL', 'ALGER CENTRE', 'SIDI M\'HAMED', '021 72 72 31', NULL, NULL, NULL, NULL, 36.769665, 3.0551707),
(707, 'Doughalem Djamel eddine', 'cite badjarah 1 Bt 8 N 2 bach djerrah', ' | ORL', 'BACHDJERAH', 'EL-HARRACH', '021 26 87 40/0771 37 62 81', NULL, NULL, NULL, NULL, 36.7231554, 3.0940352),
(708, 'AIT-ALI YAHYA', 'cite bougarra bt Q bloc A n 02 sidi moussa', ' | ORL', 'SIDI MOUSSA', 'BARAKI', '021 76 00 80/0771 80 83 73', NULL, NULL, NULL, NULL, 36.6164154, 3.0330816),
(709, 'Bouhaouchine Ahmed', 'Lot 333 BARAKI', ' | ORL', 'BARAKI', 'BARAKI', '021 53 19 77', NULL, NULL, NULL, NULL, 52.2492503, -7.0999531),
(710, 'AMRANE Kamel', 'Cite Bachdjarah, Bt26 Bach Djerrah', ' | ORL', 'BACHDJERAH', 'EL-HARRACH', '021 58 13 84/0661 56 55 30', NULL, NULL, NULL, NULL, 36.7231554, 3.0940352),
(711, 'ZIDANE MERIEM', '07 RUE MERZAK DIB EX LAMARTINE Hamma Anassers Alger', ' | ORL', 'EL HAMMA', 'HUSSEIN DEY', '021 65 53 55', NULL, NULL, NULL, NULL, 36.7531931, 3.0642942),
(712, 'BENMEBAREK MOHAMED', 'CITE BHM BAT A Sidi Mhamed', ' | ORL', 'SIDI M\'HAMED', 'SIDI M\'HAMED', '021 67 13 10', NULL, NULL, NULL, NULL, 36.7593184, 3.0379879),
(713, 'AIT SAID DJAMEL', '66 RUE HASSIBA BEN BOUALI Sidi Mhamed', ' | ORL', 'SIDI M\'HAMED', 'SIDI M\'HAMED', '021 23 53 30', NULL, NULL, NULL, NULL, 36.7591589, 3.0615196),
(714, 'BABOUCHE Abdelmalek', '08, Rue Ahcene Aliane (Lycee Frantz-Fanon) beb el ouad', ' | ORL', 'BAB EL OUED', 'BAB EL OUED', '021 96 47 32', NULL, NULL, NULL, NULL, 36.7914449, 3.0605635),
(715, 'BELBACHIR Hamid', 'Hai Soummam, Bt 27 N 02 beb ezzouar', ' | ORL', 'BAB EZZOUAR', 'DAR EL BEIDA', '021 24 29 01/0777 14 39 59', NULL, NULL, NULL, NULL, 36.722971, 3.1877732),
(716, 'BESSAIH Kamel', 'Hai Hidouci, Route Nationale n 8 Les Eucalyptus', ' | ORL', 'LES EUCALYPTUS', 'BARAKI', '0772 48 07 14', NULL, NULL, NULL, NULL, 36.6682368, 3.1305233),
(717, 'SEHILI Abderrahmane', 'Cite Du Mai 45 Bt 4 A Bab Ezzouar', ' | ORL', 'BAB EZZOUAR', 'DAR EL BEIDA', '021 51 01 69', NULL, NULL, NULL, NULL, 36.737121, 3.19052),
(718, 'TCHIKOU Mohamed', 'Cite Du 5 Juillet Bt D 85 Bab Ezzouar', ' | ORL', 'BAB EZZOUAR', 'DAR EL BEIDA', '021 24 19 55', NULL, NULL, NULL, NULL, 36.7215061, 3.1828809),
(719, 'AINOUCHE SENOUCI Saliha', 'Cite 1074 Logements Bt 43 Ain Naadja', ' | ORL', 'GUE DE CONSTANTINE', 'BIR MOURAD RAIS', '021 22 23 37', NULL, NULL, NULL, NULL, 36.7061596, 3.0582653),
(720, 'GUENANFA Lazhar', 'Cite Ain Naadja 1074 logts, Bt 43', ' | ORL', 'GUE DE CONSTANTINE', 'BIR MOURAD RAIS', '021 22 23 37', NULL, NULL, NULL, NULL, 36.7061596, 3.0582653),
(721, 'HAREK Mourad', '16 RUE MALIKA GAID El Harrach', ' | ORL', 'EL-HARRACH', 'EL-HARRACH', '021 82 78 55', NULL, NULL, NULL, NULL, 36.7736316, 3.0422797),
(722, 'ZEMITI Farouk', '4,RUE BADREDDINE REDJIMI Kouba', ' | ORL', 'KOUBA', 'HUSSEIN DEY', '021 28 20 90', NULL, NULL, NULL, NULL, 36.73309, 3.0856686),
(723, 'RAHMOUNI El Hachemi', 'Cite des Annassers 3 Bt B18 Kouba', ' | ORL', 'KOUBA', 'HUSSEIN DEY', '021 29 42 30', NULL, NULL, NULL, NULL, 36.7130355, 3.0851336),
(724, 'HAZI Abdelhamid', 'Cours AISSAT IDIR Bt 9 El Harrach', ' | ORL', 'EL-HARRACH', 'EL-HARRACH', '021 52 65 93', NULL, NULL, NULL, NULL, 36.7566966, 3.0564093),
(725, 'BACHA Mustapha', '57 rue colonel ci m\'hamed, Ain Benian', ' | ORL', 'AIN BENIAN', 'CHERAGA', '021 30 38 44', NULL, NULL, NULL, NULL, 36.804, 2.92016),
(726, 'BENGHEZEL El-Fadle', '5, Place Ahmed Chicha Cheraga', ' | ORL', 'CHERAGA', 'CHERAGA', '021 37 54 59', NULL, NULL, NULL, NULL, 36.7597319, 2.8581266),
(727, 'NAIT SAADA Aziz', 'Rue M\'barek Mili Bouzareah', ' | ORL', 'BOUZAREAH', 'BOUZAREAH', '021 93 70 80', NULL, NULL, NULL, NULL, 36.775679, 3.009641),
(728, 'MELHANI Rachida', '146, Ave Ziar AEK Bologhine', ' | ORL', 'BOLOGHINE', 'BAB EL OUED', '021 95 16 28', NULL, NULL, NULL, NULL, 36.80481, 3.042857),
(729, 'SADOUN-MANSOUR Houria', '33, Ave Mohamed Boubella Bab El Oued', ' | ORL', 'BAB EL OUED', 'BAB EL OUED', '021 96 72 95', NULL, NULL, NULL, NULL, 36.790282, 3.058964),
(730, 'KRIMAT Mourad', '01, rue Hami Abderahmane Bab El Oued', ' | ORL', 'BAB EL OUED', 'BAB EL OUED', '021 96 26 57', NULL, NULL, NULL, NULL, 36.7932417, 3.0509098),
(731, 'HAMMOUCHE Ouahiba', 'Cite Des 60 Logts B5 App2 Zeralda', ' | ORL', 'ZERALDA', 'ZERALDA', '021 32 95 07', NULL, NULL, NULL, NULL, 36.6996724, 2.769796),
(732, 'NAILI DOUAOUDA Nadjia', 'Cite 44 logements said hamdine Hydra', ' | ORL', 'HYDRA', 'BIR MOURAD RAIS', '021 54 68 73', NULL, NULL, NULL, NULL, 36.740268, 3.046603),
(733, 'HABAZ Mohand Akli Mohand Akli', 'EL-MOURADIA', ' | ORL', 'EL MOURADIA', 'SIDI M\'HAMED', '021 69 02 56', NULL, NULL, NULL, NULL, 36.7497677, 3.0488564),
(734, 'GRIGAHCENE Nacer', '95 BD BOUGARA EL BIAR', ' | ORL', 'EL BIAR', 'BOUZAREAH', '021 92 03 13', NULL, NULL, NULL, NULL, 36.7648031, 3.0388428),
(735, 'BOUSSABOUNE Youcef', '97 RUE ALI KHODJA EL BIAR', ' | ORL', 'EL BIAR', 'BOUZAREAH', '021 92 62 34', NULL, NULL, NULL, NULL, 36.7674645, 3.0311259),
(736, 'DAOUD Hacene', '3 Rue Ben Aissa Douera', ' | ORL', 'DOUERA', 'DRARIA', '021 41 99 55', NULL, NULL, NULL, NULL, 36.6689262, 2.9411717),
(737, 'BEDROUNE IMENE', 'cite Signa Batiment 9 Reghaia', ' | ORL', 'REGHAIA', 'ROUIBA', '0558 74 82 11', NULL, NULL, NULL, NULL, 36.7423403, 3.3391356),
(738, 'CHERIF NASSIM', 'Avenue hanafi hadjress Beni Messous Alger', ' | Hematologie', 'BENI MESSOUS', 'BOUZAREAH', '550084741', NULL, NULL, NULL, NULL, 36.7845223, 2.9415564),
(739, 'Dr Yassine Bezzi', '9 Sebala El Achour, Alger,Algerie', ' | Hematologie', 'EL ACHOUR', 'DRARIA', '54253450', NULL, NULL, NULL, NULL, 36.728254, 3.008035),
(740, 'Hematologue Docteur Lahlou', 'Cite du 08 mai 1945, Bt:24, Cage:A,, Bab Ezzouar', ' | Hematologie', 'BAB EZZOUAR', 'DAR EL BEIDA', '0771 13 33 82', 'lahlou02idir@yahoo.fr', 'https://www.facebook.com/Hematologue-Docteur-Lahlou-557567387718698/', NULL, '08:00 - 15:00', 36.731598, 3.184371),
(741, 'BENSEGHIR OUAHAB', 'CITE ECONOMIQUE 54 BATIMENT A/, Rouiba', ' | Hematologie', 'ROUIBA', 'ROUIBA', NULL, NULL, NULL, NULL, NULL, 36.7338996, 3.2794258),
(742, 'YOUSFI Mohamed', 'Residence Familiale , Hussein Dey ,16000 Alger', ' | Infectiologie', 'HUSSEIN DEY', 'HUSSEIN DEY', '0 21 47 99 18', NULL, NULL, NULL, NULL, 36.7403571, 3.0738053),
(743, 'Berkane Hossine', 'Boulevard Mohamed belarbi', ' | Infectiologie', 'BARAKI', 'BARAKI', '021 53 36 93', NULL, NULL, NULL, NULL, 36.667368, 3.096858),
(744, 'Chelghoum dahbia', 'Cite DNC Bt A 37 N  01 Reghaia Alger', ' | Infectiologie', 'REGHAIA', 'ROUIBA', NULL, NULL, NULL, NULL, NULL, 36.7451301, 3.3435556),
(745, 'Dr Merzougui Abdelhafid', 'Cite CNEP de Chevalley, Bouzareah, Alger, Algerie', ' | Infectiologie', 'BOUZAREAH', 'BOUZAREAH', '06 74 46 45 72 ', 'abdelhafid.merzougui@yahoo.fr', 'http://dz-nutrition.e-monsite.com', NULL, '09h-17h', 36.77454, 3.013412),
(746, 'Cabinet medicale Infectiologue', '94 Rue Didouche Mourad, Bt C 1er etage,Alger Centre, Alger, Algerie', ' | Infectiologie', 'ALGER CENTRE', 'SIDI M\'HAMED', '21745273', NULL, NULL, NULL, NULL, 36.7651735, 3.0492005),
(747, 'Dr MERIOUA MOULAY AHMED', '01 RUE ABDELKADER HASSENA, Alger', ' | Medcine interne', 'ALGER CENTRE', 'SIDI M\'HAMED', NULL, NULL, NULL, NULL, NULL, 36.7023617, 2.8070373),
(748, 'Dr. Toumi Ghania', 'Cite des 400 logts Bt 22N Ain Naadja - Alger', ' | Medcine interne', 'GUE DE CONSTANTINE', 'BIR MOURAD RAIS', '23458106', 'dr.toumi@gmail.com', NULL, NULL, '8.30- 6.00', 36.7061596, 3.0582653),
(749, 'Dr HAMITOUCHE Karima', 'Cite Si El Haoues, Ain Taya, Alger, Algerie (a cote de la Clinique Ahlem)', ' | Medcine interne', 'AIN TAYA', 'DAR EL BEIDA', '0559 26 39 41', 'hamitouche28@hotmail.com ', 'www.facebook.com/DrKarimaHamitouche/', NULL, '09h00 a 17h00', 36.790981, 3.2921041),
(750, 'Dr SAADI Nadia', 'Cite El djawhara Bt9 , Belouizdad, Alger', ' | Medcine interne', 'EL HAMMA', 'HUSSEIN DEY', '550568002', 'saadinadia@hotmail.com', NULL, NULL, '    9h00 a 16h00', 36.753258, 3.066478),
(751, 'Dr ROUIDI CHERIFA EPS BOUAZDI', '11 RUE KHALED BELAGGOUNE, Alger', ' | Medcine interne', 'ALGER CENTRE', 'SIDI M\'HAMED', ' 023492703 Mob: 0551996752 ', NULL, NULL, NULL, NULL, 36.7681961, 3.0403829),
(752, 'Dr LAMINE BOUCHENE', '28 RUE LARBI BEN M\'HIDI, Alger', ' | Medcine interne', 'ALGER CENTRE', 'SIDI M\'HAMED', '21736892', NULL, NULL, NULL, NULL, 36.777389, 3.05826),
(753, 'Kasdi Madjid', 'Cite 28 logts Bt D N  1 Zeralda Alger', ' | Medcine interne', 'ZERALDA', 'ZERALDA', '021 32 82 45', NULL, NULL, NULL, NULL, 36.7066959, 2.8475967),
(754, 'MAHDI Mahmoud', '44 cite Diar Essaadabt L ESC 2 N  02 El Madania Alger', ' | Medcine interne', 'EL MADANIA', 'SIDI M\'HAMED', '021 27 58 62', NULL, NULL, NULL, NULL, 36.7445198, 3.0683935),
(755, 'MERAH NADIA', 'Cite 320 logts bt 19 n 01 les dunes Cheraga Alger', ' | Medcine interne', 'CHERAGA', 'CHERAGA', '790961254', NULL, NULL, NULL, NULL, 36.7757253, 2.9114306),
(756, 'BOULKRIAT ABD EL FATEH', '31 lot piette Hydra Alger', ' | Medcine interne', 'HYDRA', 'BIR MOURAD RAIS', '771547109', NULL, NULL, NULL, NULL, 36.745502, 3.035751),
(757, 'YOUCEF OUALI Dalila', 'Cite Ain Allah Batiment A217 Appt n 3 Dely Brahim Alger', ' | Medcine interne', 'DELY IBRAHIM', 'CHERAGA', '00213 21 91 71 75. / 00213 550 55 26 94', NULL, NULL, NULL, NULL, 36.751949, 2.9933978),
(758, 'BELKOUT Tayeb', '9 Rue ALPHONSE, Bir Mourad Rais', ' | Medcine interne', 'BIR MOURAD RAIS', 'BIR MOURAD RAIS', '021 44 80 66', NULL, NULL, NULL, NULL, 36.735013, 3.062164),
(759, 'LARBI M\'hamed Bouziane', 'cite Garidi 1 Kouba Alger', ' | Medcine interne', 'KOUBA', 'HUSSEIN DEY', '021 28 19 58', NULL, NULL, NULL, NULL, 36.728578, 3.06788),
(760, 'BOUROUBA Mohamed', '58 Rue Mohamed Belouizdad Alger', ' | Medcine necluaire + Radiotherapie', 'ALGER CENTRE', 'SIDI M\'HAMED', '05 55 61 49 71', NULL, NULL, NULL, NULL, 36.7582427, 3.0561455),
(761, 'Drahmoune Rachida', '27 avenue Mohammed Fellah? Alger 16050', ' | Medcine travaille', 'KOUBA', 'HUSSEIN DEY', '021.71.83.75', 'drahmoune_r@yahoo.fr', NULL, NULL, NULL, 36.73124, 3.088135),
(762, 'BAKIR ADEL', 'COGRAL 1 Rue DE GAO NOUVEAU PORT ALGER Hussein Dey Alger', ' | Medcine travaille', 'HUSSEIN DEY', 'HUSSEIN DEY', '0555 03 70 13', NULL, NULL, NULL, NULL, 36.7603476, 3.0603515),
(763, 'BENYAHIA LYNDA', 'Draria Alger', ' | Medcine travaille', 'DRARIA', 'DRARIA', '795518242', NULL, NULL, NULL, NULL, 36.7172858, 3.0025615),
(764, 'mehaddene amar', '202c cite ain-allah Dely Brahim Alger', '', 'DELY IBRAHIM', 'CHERAGA', '21918430', NULL, NULL, NULL, NULL, 36.751949, 2.9933978),
(765, 'YASRI H.', 'Rue Mohammed Fellah Kouba', ' | Neurologie', 'KOUBA', 'HUSSEIN DEY', '021.28.65.89/ 021.28.41.17/ 0771.91.59.57', NULL, NULL, NULL, NULL, 36.730876, 3.088532),
(766, 'Dr. L. Yalaoui', '99, Lotissement C ( En face lycee sportif de draria ) , Draria , Alger', ' | Neurologie', 'DRARIA', 'DRARIA', '020 37 36 67', NULL, NULL, NULL, NULL, 36.7187323, 2.9967486),
(767, 'Dr TATAI Amel Ibtissem', 'Cite CNEP Chevalley, Bouzareah, Alger.', ' | Neurologie', 'BOUZAREAH', 'BOUZAREAH', '555607247', 'ibtissemtatai@yahoo.com', NULL, NULL, '    09h00 a 16h00', 36.774462, 3.013369),
(768, 'MELAAB Abdelhamid', '6 Rue ahmed touzame Bab El Oued Alger', ' | Neurologie', 'BAB EL OUED', 'BAB EL OUED', '021 97 76 20 / 0771 78 18 48 / 0663 66 07 62', NULL, NULL, NULL, NULL, 36.791287, 3.056318),
(769, 'LEFKI Naceur', '1, Rue Ali CHERIF Kouba Alger', ' | Neurologie', 'KOUBA', 'HUSSEIN DEY', '021 28 78 93', NULL, NULL, NULL, NULL, 36.730531, 3.087664),
(770, 'Hocine BOURAOUI', 'Cite les Asphodeles Bt11 Ben Aknoun Alger', ' | Neurologie', 'BEN AKNOUN', 'BOUZAREAH', '021 91 57 15', NULL, NULL, NULL, NULL, 36.7617314, 3.0100823),
(771, 'HARKAT-SEKFALI.I', 'CITE SERAPI BT C, Birkhadem ,alger', ' | Neurologie', 'BIRKHADEM', 'BIR MOURAD RAIS', '021 40 55 68 / 0770 48 00 03', NULL, NULL, NULL, NULL, 36.716939, 3.049113),
(772, 'Dr OUSSAD YOUCEF', 'CITE DES OUVRIERS CNEP BT 2 , Bordj El kiffan', ' | Neurologie', 'BORDJ EL KIFFAN', 'DAR EL BEIDA', '772979388', NULL, NULL, NULL, NULL, 36.7534825, 3.1516406),
(773, 'Dr BERBAGUI ADEL', '7 COOP. EL MARSA, Ouled Fayet', ' | Neurologie', 'OULED FAYET', 'CHERAGA', '555797611', NULL, NULL, NULL, NULL, 36.7252038, 2.9077927),
(774, 'RARRBO NASIRA', '265 B RES. EL MOUSTAQBAL AIN ALLAH, Dely Ibrahim', ' | Neurologie', 'DELY IBRAHIM', 'CHERAGA', '554285940', NULL, NULL, NULL, NULL, 36.7548822, 2.9827558),
(775, 'BENCHIHAB MYRIEM', '3 RUE SAADOUNE ALLEL, Reghaia', ' | Neurologie', 'REGHAIA', 'ROUIBA', '549509941', NULL, NULL, NULL, NULL, 36.7539686, 3.2769588),
(776, 'ALLAL FIROUZ YASMINE', '34 RUE BOUDJEMAA MOGHNI, Hussein Dey', ' | Neurologie', 'HUSSEIN DEY', 'HUSSEIN DEY', '023776446 Mob: 0557587446 ', NULL, NULL, NULL, NULL, 36.7388958, 3.1005713),
(777, 'HERKAT IMENE SALIMA', 'CITE SERAPI BT C, Birkhadem', ' | Neurologie', 'BIRKHADEM', 'BIR MOURAD RAIS', '23452168', NULL, NULL, NULL, NULL, 36.716939, 3.049113),
(778, 'MELAAB ABDELHAMID', '6 Rue ahmed touzame Bab El Oued Alger', ' | Neurologie', 'BAB EL OUED', 'BAB EL OUED', ' 021977620 Mob: 0771781848 ', NULL, NULL, NULL, NULL, 36.791287, 3.056318),
(779, 'IDIR YAZID', '8 BD COMMANDANT ABDERRAHMANE MIRA, Bab El Oued', ' | Neurologie', 'BAB EL OUED', 'BAB EL OUED', ' 021965035 Mob: 0770200677 ', NULL, NULL, NULL, NULL, 36.792782, 3.05563),
(780, 'ZEMITI DJAOUIDA', 'Boulevard Colonel Bougara El Biar', ' | Neurologie', 'EL BIAR', 'BOUZAREAH', '21923327', NULL, NULL, NULL, NULL, 36.764664, 3.038871),
(781, 'DJEMAI MERIEM', '32 RUE HOGGAR, Hydra (16)', ' | Neurologie', 'HYDRA', 'BIR MOURAD RAIS', ' 021481912 Mob: 0551463410 ', NULL, NULL, NULL, NULL, 36.7436181, 3.0412428),
(782, 'HARKAT SEKRAFI IMENE', 'RESIDENCE SERAPI BT C , Birkhadem', ' | Neurologie', 'BIRKHADEM', 'BIR MOURAD RAIS', ' 021405568 Mob: 0561000212 ', NULL, NULL, NULL, NULL, 36.716973, 3.049178),
(783, 'YAHI B', '95 ALIOUA FODIL , Cheraga', ' | Neurologie', 'CHERAGA', 'CHERAGA', '21368314', NULL, NULL, NULL, NULL, 36.767571, 2.961473),
(784, 'GUEZLANE REDA', 'CITE RABIA TAHAR BATIMENT 10, Bab Ezzouar', ' | Neurologie', 'BAB EZZOUAR', 'DAR EL BEIDA', '21245355', NULL, NULL, NULL, NULL, 36.7219062, 3.1813624),
(785, 'Rarrbo Nacera', '265 Residence El-Moustaqbal Ain Allah Dely Ibrahim', ' | Neurologie', 'DELY IBRAHIM', 'CHERAGA', ' 021370183 Mob: 0554285940 ', NULL, NULL, NULL, NULL, 36.753816, 2.994773),
(786, 'GHEZALI Abdellah', 'CITE 632 LOGEMENT BATIMENT 25 MOHAMMADIA ALGER', ' | Neurologie', 'MOHAMMADIA', 'DAR EL BEIDA', ' 021826720 Mob: 0770366691 ', NULL, NULL, NULL, NULL, 36.730522, 3.14698),
(787, 'BOULEMKAHEL Ayachi', 'CITE EGECO BADJARAH II BAT 19 ALGER', ' | Neurologie', 'BACHDJERAH', 'EL-HARRACH', '23765566', NULL, NULL, NULL, NULL, 36.722931, 3.118498),
(788, 'AIT DAOUD MOKHTECH', '265 PARC BEN OMAR, Kouba', ' | Oncologie', 'KOUBA', 'HUSSEIN DEY', NULL, NULL, NULL, NULL, NULL, 36.726696, 3.08974),
(789, 'BOULEKHIOUT EPSE CHABANE FARIDA', 'CITE 632 LOGTS Bt 26, Mohammadia', ' | Pneumo-Phtisiologie', 'MOHAMMADIA', 'DAR EL BEIDA', '775115570', NULL, NULL, NULL, NULL, 36.729714, 3.146773),
(790, 'ZETAREN LAMINE', 'CITE 150 LOGTS BT B 1, Birtouta', ' | Pneumo-Phtisiologie', 'BIRTOUTA', 'BIRTOUTA', '770313100', NULL, NULL, NULL, NULL, 36.7123393, 3.0828801),
(791, 'AIN GUERAD BRAHIM', '25 CITE BOUSHAKI E, Bab Ezzouar', ' | Pneumo-Phtisiologie', 'BAB EZZOUAR', 'DAR EL BEIDA', '559924273', NULL, NULL, NULL, NULL, 36.7245827, 3.184516),
(792, 'OUAREK SAMIR', 'IMMEUBLE VOLTAIRE BT B/15, Birkhadem', ' | Pneumo-Phtisiologie', 'BIRKHADEM', 'BIR MOURAD RAIS', ' 0551011904 Mob: 0770927171 ', NULL, NULL, NULL, NULL, 36.7134348, 3.0509112),
(793, 'BENAMARA MOUNIR', 'CITE ECONOMIQUE batiment A7, Rouiba', ' | Pneumo-Phtisiologie', 'ROUIBA', 'ROUIBA', ' 023860039 Mob: 0554593275 ', NULL, NULL, NULL, NULL, 36.734061, 3.279444),
(794, 'AZOUAOU KARIM', 'CITE BACHEDJARAH 2 batiment 7 BOUROUBA, Bachdjerrah', ' | Pneumo-Phtisiologie', 'BACHDJERAH', 'EL-HARRACH', '23765796', NULL, NULL, NULL, NULL, 36.719885, 3.129178),
(795, 'BEKKAT MOHAMED', '13 AVE BOUBELLA MOHAMED, Bab El Oued', ' | Pneumo-Phtisiologie', 'BAB EL OUED', 'BAB EL OUED', ' 021964544 Mob: 0661526154 ', NULL, NULL, NULL, NULL, 36.7902644, 3.0589628),
(796, 'KHELLADI KHALED', '11 RUE BRAHIM GHARAFA, Bab El Oued', ' | Pneumo-Phtisiologie', 'BAB EL OUED', 'BAB EL OUED', '21962447', NULL, NULL, NULL, NULL, 36.7915635, 3.054037),
(797, 'BELLAMDANI MOHAMED', 'CITE CNEP batiment A CHEVALLEY, Bouzareah', ' | Pneumo-Phtisiologie', 'BOUZAREAH', 'BOUZAREAH', '21930933', NULL, NULL, NULL, NULL, 36.774265, 3.013283),
(798, 'BENSALEM ZAHIA', '5 RUE SID ALI BOUZIRI|(ANGLE 12 RUE ABANE RAMADAN), Sidi M\'Hamed', ' | Pneumo-Phtisiologie', 'SIDI M\'HAMED', 'SIDI M\'HAMED', '21736714', NULL, NULL, NULL, NULL, 36.778748, 3.059965),
(799, 'KECHIDI NOUREDDINE', 'cite cila LA CONCORDE, Bir Mourad Rais', ' | Pneumo-Phtisiologie', 'BIR MOURAD RAIS', 'BIR MOURAD RAIS', '21541556', NULL, NULL, NULL, NULL, 36.734218, 3.046654),
(800, 'ABAD HACHEMI', '17 COURS AISSAT IDIR, El Harrach', ' | Pneumo-Phtisiologie', 'EL-HARRACH', 'EL-HARRACH', '21529132/0771116000', NULL, NULL, NULL, NULL, 36.756778, 3.058764),
(801, 'BENGUERBA NACERA', 'CITE DU 8 MAI 1945 BT 4 D|EX SORECAL, Bab Ezzouar', ' | Pneumo-Phtisiologie', 'BAB EZZOUAR', 'DAR EL BEIDA', '21517316', NULL, NULL, NULL, NULL, 36.7315475, 3.1843708),
(802, 'BENDIB ALI', 'CITE DES 252 LOGTS BATIMENT 2 11, Douera', ' | Pneumo-Phtisiologie', 'DOUERA', 'DRARIA', '21415833', NULL, NULL, NULL, NULL, 36.6682769, 2.8627936),
(803, 'LOUCIF MOHAMED SADEK', '20 Rue el Qods Cheraga', ' | Pneumo-Phtisiologie', 'CHERAGA', 'CHERAGA', '21361302', NULL, NULL, NULL, NULL, 36.770102, 2.958039),
(804, 'SENBSADJI CHENOUF FETHIA', '38 RUE DES FRERES KENOUCHE VIEUX KOUBA, Kouba', ' | Pneumo-Phtisiologie', 'KOUBA', 'HUSSEIN DEY', '21297836', NULL, NULL, NULL, NULL, 36.7274655, 3.0814836),
(805, 'HANNACHI MOHAND RACHID', '31 RUE COLONEL CHABANI, Sidi M\'Hamed', ' | Pneumo-Phtisiologie', 'SIDI M\'HAMED', 'SIDI M\'HAMED', '021237004 Mob: 0661576871 ', NULL, NULL, NULL, NULL, 36.7652427, 3.0525211),
(806, 'SEBIANE AMAR', '27 RUE DOUZI, Bordj El kiffan', ' | Pneumo-Phtisiologie', 'BORDJ EL KIFFAN', 'DAR EL BEIDA', '21212627', NULL, NULL, NULL, NULL, 36.750854, 3.1945532);
INSERT INTO `hopital` (`hopital_id`, `nomhopital`, `adresse`, `Specialite`, `Commune`, `Daira`, `mobile`, `Email`, `FbPage`, `capacite`, `heurO`, `Lat`, `Lon`) VALUES
(807, 'Dr NOURINE Ali', 'Cite 95 logements bis Bt C N 4, Les Grands Vents - Dely Brahim ALGER, Wilaya d\'Alger', ' | Pneumo-Phtisiologie', 'DELY IBRAHIM', 'CHERAGA', '772102888', NULL, NULL, NULL, NULL, 36.7459876, 2.9401609),
(808, 'DAHMANI Kamel', 'Cite Cenestal bat j no 224 Reghaia ALGER, Wilaya d\'Alger', ' | Pneumo-Phtisiologie', 'REGHAIA', 'ROUIBA', '21857156', NULL, NULL, NULL, NULL, 36.742464, 3.343298),
(809, 'Boulekhiout Farida', 'Cinq maisons batiment 26 Mohamadia Alger', ' | Pneumo-Phtisiologie', 'MOHAMMADIA', 'DAR EL BEIDA', '775115570', NULL, NULL, NULL, NULL, 36.726025, 3.150839),
(810, 'BOUABDELLAH Dalila', 'cite bensmail Bt A1 N4 cheraga? alger 16002', ' | Pneumo-Phtisiologie', 'CHERAGA', 'CHERAGA', '21366288', NULL, NULL, NULL, NULL, 36.770906, 2.958563),
(811, 'BENAZZOUZ Kamel', '02,rue voltaire, Place 1er mai, ALGER, Wilaya d\'Alger', ' | Pneumo-Phtisiologie', 'SIDI M\'HAMED', 'SIDI M\'HAMED', '21663337', NULL, NULL, NULL, NULL, 36.760148, 3.05677),
(812, 'Amrani Khier', 'BT 52B CITE ELDJORF, BEZ ALGER', ' | Pneumo-Phtisiologie', 'BAB EZZOUAR', 'DAR EL BEIDA', ' 021244668 Mob: 0553249225 ', NULL, NULL, NULL, NULL, 36.718169, 3.175832),
(813, 'BAIRI ASAFI MOURAD', 'Rue khelifa boukhalfa 46,Sidi M\'hamed ALGER', ' | Pedo-pseciatrie', 'SIDI M\'HAMED', 'SIDI M\'HAMED', '0558.83.57.47 / 021 23 64 45', NULL, ' http://bairipsychiatre.wordpress.com/', NULL, NULL, 36.766556, 3.0538976),
(814, 'yacine moussi', '40, avenue Ahmed ghermoul \" a cote de la cour des comptes\" sidi m\'hamed ,alger - Alger', ' | Pedo-pseciatrie', 'SIDI M\'HAMED', 'SIDI M\'HAMED', '21664669', NULL, NULL, NULL, NULL, 36.759468, 3.050402),
(815, 'Centre D\'imagerie Medicale Du Docteur Bouras, Gue De Consrantine', 'Djasr Kasentina', ' | Radiologie + Imagerie medicale', 'GUE DE CONSTANTINE', 'BIR MOURAD RAIS', ' 021 83 95 58', NULL, NULL, NULL, ' 08:00-16:00', 36.6978776, 3.079263),
(816, 'Centre d\'Imagerie Medicale Yaici Ben Aknoun Pr Yaici', 'Ben Aknoun', ' | Radiologie + Imagerie medicale', 'BEN AKNOUN', 'BOUZAREAH', '023 38 47 41', NULL, NULL, NULL, '08:15-17:00', 36.7574811, 3.0100658),
(817, 'M. Benkhedda Ep. Mokhdani', 'Chevalley Villa N 10 Bouzareah Alger.', ' | Rhumatologie', 'BOUZAREAH', 'BOUZAREAH', '021 79 97 44 ', NULL, NULL, NULL, NULL, 36.7696553, 3.0007884),
(818, 'F.Boubkeur', 'Rue des freres Djerroud Bat 4A 1er Etage El-bier', ' | Rhumatologie', 'EL BIAR', 'BOUZAREAH', '05 56 73 98 36', NULL, NULL, NULL, NULL, 36.7734412, 3.0447749),
(819, 'Tolba Abdellah', '26 bis boulevard mohamed 5 Alger', ' | Rhumatologie', 'ALGER CENTRE', 'SIDI M\'HAMED', '021 63 75 72 / 062 52 49 46', NULL, NULL, NULL, NULL, 36.7687364, 3.0534077),
(820, 'ABDELKRIM HOCINE', '1 Rue abderrahmane hami Bab El Oued Alger', ' | Rhumatologie', 'BAB EL OUED', 'BAB EL OUED', '021 96 85 85 / 021 96 35 00', NULL, NULL, NULL, NULL, 36.792037, 3.050142),
(821, 'ABDEREZAK BOUSSOUSSA', '1 lot zedek Ben Aknoun Alger', ' | Rhumatologie', 'BEN AKNOUN', 'BOUZAREAH', '020.35.05.01 / 0550.39.15.67', NULL, NULL, NULL, NULL, 36.7572102, 2.9945814),
(822, 'BEZZICHE ep HAMADACHE Souad', 'Cite du 17 Octobre bt 56 Gue de Constantine- Kouba Kouba Alger', ' | Rhumatologie', 'KOUBA', 'HUSSEIN DEY', '021 83 84 27 / 07 72 20 88 08', NULL, NULL, NULL, NULL, 36.7242116, 3.0422357),
(823, 'BOUBKEUR F.', '8, Rue Omar Bouneghaz El Biar Alger', ' | Rhumatologie', 'EL BIAR', 'BOUZAREAH', '020 37 40 40 / 0556 73 98 36', NULL, NULL, NULL, NULL, 36.771128, 3.037607),
(824, 'ASSELAH Smail', '2, Rue SAID GUENDOUZ Belcourt- alger Belouizdad Alger', ' | Rhumatologie', 'EL HAMMA', 'HUSSEIN DEY', '021 67 59 94', NULL, NULL, NULL, NULL, 36.7567191, 3.063024),
(825, 'F. Zeboudjene Taleb', 'Cite CNEP 280 LOGT Bt n  26 Les Eucalyptus Alger', ' | Rhumatologie', 'LES EUCALYPTUS', 'BARAKI', '021 50 21 22', NULL, NULL, NULL, NULL, 36.6682368, 3.1305233),
(826, 'AZEDDINE Madiha', '40, Rue sellam madani Douera Alger', ' | Rhumatologie', 'DOUERA', 'DRARIA', '069 94 62 48', NULL, NULL, NULL, NULL, 36.6682769, 2.8627936),
(827, 'M. L. DAHEL', '1, Avenue colonel lotfi Bab El Oued Alger', ' | Rhumatologie', 'BAB EL OUED', 'BAB EL OUED', '021.96.00.29', NULL, NULL, NULL, NULL, 36.7906062, 3.0511671),
(828, 'Trabsi epse RACHID', 'Cite egeco Bt 13 N  2 Bach Djerrah Alger', ' | Rhumatologie', 'BACHDJERAH', 'EL-HARRACH', '021 26 05 18', NULL, NULL, NULL, NULL, 36.719924, 3.114695),
(829, 'Y. BELKASSA', 'Cite de l\'hopital batiment 2 Rouiba Alger', ' | Rhumatologie', 'ROUIBA', 'ROUIBA', '021 81 72 62', NULL, NULL, NULL, NULL, 36.73658, 3.286043),
(830, 'RENANE BRAHIM', '72 AVENUE DU COLONEL SI M\'HAMED, Ain Benian', ' | Rhumatologie', 'AIN BENIAN', 'CHERAGA', '772343398', NULL, NULL, NULL, NULL, 36.7941927, 2.8923646),
(831, 'ZOUBIRI MOUELFI', '164 RUE AHMED NAZEF, Baraki', ' | Rhumatologie', 'BARAKI', 'BARAKI', '772259010', NULL, NULL, NULL, NULL, 36.6701874, 3.0634359),
(832, 'HALLI KAMEL', '2 CITE DU 8 MAI 1945 BT B, Bab Ezzouar', ' | Rhumatologie', 'BAB EZZOUAR', 'DAR EL BEIDA', '23817391', NULL, NULL, NULL, NULL, 36.736846, 3.190391),
(833, 'IZEBOUDJENE FAWZIA', 'CITE 100 LOGTS BT 10, Birtouta', ' | Rhumatologie', 'BIRTOUTA', 'BIRTOUTA', '23580161', NULL, NULL, NULL, NULL, 36.6425811, 2.9393974),
(834, 'HOCINE ABDELKRIM', '01 RUE HAMI ABDERRAHMANE, Bab El Oued', ' | Rhumatologie', 'BAB EL OUED', 'BAB EL OUED', '21963500', NULL, NULL, NULL, NULL, 36.7932417, 3.0509098),
(835, 'DIB RIADH', 'CITE CENESTAL BAT D2, Reghaia', ' | Rhumatologie', 'REGHAIA', 'ROUIBA', '21858738', NULL, NULL, NULL, NULL, 36.742387, 3.343207),
(836, 'BOUIKNI ABDELMALEK', '4 RUE MOHAMED ZEKKAL PLACE PREMIER MAI, Sidi M\'Hamed', ' | Rhumatologie', 'SIDI M\'HAMED', 'SIDI M\'HAMED', '21662909', NULL, NULL, NULL, NULL, 36.760174, 3.056802),
(837, 'ESSADOK MOUNIA', 'CITE 384 logements SAID HAMDINE , Hydra', ' | Rhumatologie', 'HYDRA', 'BIR MOURAD RAIS', '21606328', NULL, NULL, NULL, NULL, 36.740182, 3.046678),
(838, 'AIT GHZALA DALILA', '4 CITE 142 LOGTS BT 4, Draria', ' | Rhumatologie', 'DRARIA', 'DRARIA', '676771618', NULL, NULL, NULL, NULL, 36.7133535, 2.9676918),
(839, 'Bellatreche Ayhem Ahmed', '4, Route De zouaoua , CHERAGA, Alger', ' | Chir.Orthopidique', 'CHERAGA', 'CHERAGA', '021 37 55 63', 'abellatreche@hotmail.com', NULL, NULL, NULL, 36.7634884, 2.9696115),
(840, 'CABINET IHSSEN DE CHIRURGIE ORTHOPEDIQUE', 'Rue Salah Khiar Baba Hassen lot 69', ' | Chir.Orthopidique', 'BABA HASSEN', 'DRARIA', '021 35 31 31', NULL, NULL, NULL, NULL, 36.696149, 2.974641),
(841, 'LARDJANE Karim', 'Cite 498 logement batiment 4B, Bab ezzouar, Alger, Algerie', ' | Chir.Orthopidique', 'BAB EZZOUAR', 'DAR EL BEIDA', '540899471', 'karim.lardjane@gmail.com', 'https://www.linkedin.com/in/karim-lardjane-46690771/?ppe=1', NULL, '9h00 a 16h30', 36.7205644, 3.1854307),
(842, 'Ayadi Habib boualem', 'Route de gue de Constantine 390 logements N 19 Alger', ' | Chir.Orthopidique', 'GUE DE CONSTANTINE', 'BIR MOURAD RAIS', '554293975', 'cco.drayadi@gmail.com', NULL, NULL, '8h30-16h30 ', 36.701484, 3.0943021),
(843, 'Atif Mohammed', '5 Rue Bouzerari Mohamed, Alger', ' | Chir.Orthopidique', 'SIDI M\'HAMED', 'SIDI M\'HAMED', '555171235', NULL, NULL, NULL, '8h/17h', 36.768773, 3.058484),
(844, 'kouadik chemseddine', 'cite 1610 logt bt 3 ain naaja Bir Mourad Rais Alger', ' | Chir.Orthopidique', 'BIR MOURAD RAIS', 'BIR MOURAD RAIS', '021559313 / 021744320', NULL, NULL, NULL, NULL, 36.7025102, 3.0638256),
(845, 'Benmeriem Riad', 'Cite Daouia ,bloc 2 ,N 2 ,Zeralda', ' | Chir.Pediatrique', 'ZERALDA', 'ZERALDA', '0661 10 25 15', NULL, NULL, NULL, '    09h- 17h', 36.6996724, 2.769796),
(846, 'BOUCHENAFA nourdinne', 'Rue Pierre et Marie Curie El Biar', ' | Chir.Pediatrique', 'EL BIAR', 'BOUZAREAH', '021 92 52 32', NULL, NULL, NULL, NULL, 36.766609, 3.032974),
(847, 'DIFFALLAH Benaouda', 'Cite MAFAL BT A6 N  52 Reghaia Alger', ' | Chir.Pediatrique', 'REGHAIA', 'ROUIBA', '07 70 61 04 32', NULL, NULL, NULL, NULL, 36.7539686, 3.2769588),
(848, 'MEKKI ZOUHIR', 'Cite 20 logts bt 57 n  07 Bir Mourad Rais Alger', ' | Chir.Pediatrique', 'BIR MOURAD RAIS', 'BIR MOURAD RAIS', '021444131 / 0776639211', NULL, NULL, NULL, NULL, 36.7303054, 3.0257032),
(849, 'ROUDANE SALAH', 'Cite MAFAL Bt A Cage 09 N 81 Reghaia Alger', ' | Chir.Pediatrique', 'REGHAIA', 'ROUIBA', '020 37 20 91 / 0772 37 91 26', NULL, NULL, NULL, NULL, 36.7539686, 3.2769588),
(850, 'WOLLY Aoubed', 'cite garidi 1 Bt 25 N  3 Kouba Alger', ' | Chir.Pediatrique', 'KOUBA', 'HUSSEIN DEY', '021 68 99 50', NULL, NULL, NULL, NULL, 36.7130355, 3.0851336),
(851, 'HAFIZ SALIHA', '218 LOT. ALIOUA FODIL, Cheraga', ' | Chir.Maxilo-Facial', 'CHERAGA', 'CHERAGA', '0777032048', NULL, NULL, NULL, NULL, 36.7675569, 2.9613429),
(852, 'A. KARA AHMED', '16 Rue des freres djilali Bir Khadem Alger', ' | Chir.Maxilo-Facial', 'BIRKHADEM', 'BIR MOURAD RAIS', '021 44 72 44', NULL, NULL, NULL, NULL, 36.7234479, 3.0513987),
(853, 'amichi rachid', '85, Rue didouche mourad alger Sidi Mhamed Alger', ' | Chir.Maxilo-Facial', 'ALGER CENTRE', 'SIDI M\'HAMED', '0550 17 92 72 / 021 74 74 58', NULL, NULL, NULL, NULL, 36.7653028, 3.0499091),
(854, 'REBAH HASSEN REDOUANE', 'PLAce du 11 decembre 1960 siecouf Ain Taya Alger', ' | Chir.Maxilo-Facial', 'AIN TAYA', 'DAR EL BEIDA', '021 86 69 77 / 0793 24 47 19', NULL, NULL, NULL, NULL, 36.7881263, 3.2566837),
(855, 'AZZOUG AZEDDINE', 'EHS Med ABDERRAHMANI Bir Mourad Rais Alger', ' | Chir.Cardio-vasculaire', 'BIR MOURAD RAIS', 'BIR MOURAD RAIS', '021 54 23 76', NULL, NULL, NULL, NULL, 36.7344884, 3.0506935),
(856, 'djoudi nawel', '70 bvd colonel amirouche Alger', ' | Chir.Cardio-vasculaire', 'ALGER CENTRE', 'SIDI M\'HAMED', '021 95 95 56', NULL, NULL, NULL, NULL, 36.7710322, 3.0586084),
(857, 'Pr Moussaoui Djamel', 'Residence Nedjma, N 135 Lot Baranes , Bouzareah, Alger', ' | Chir.Neurologique', 'BOUZAREAH', 'BOUZAREAH', '021 94 13 51', NULL, NULL, NULL, NULL, 36.777659, 3.013827),
(858, 'Dr H.Hammoudi', 'Cite des Annasseres II Bt 9A N 8 Kouba', ' | Chir.Neurologique', 'KOUBA', 'HUSSEIN DEY', '021 29 49 48', NULL, NULL, NULL, '    08h00 - 16h00', 36.7130355, 3.0851336),
(859, 'Yazid KOURDOURLI', '28, les oliviers Oued Roumane ben Aknoun', ' | Chir.Neurologique', 'BEN AKNOUN', 'BOUZAREAH', '021 30 08 26', NULL, NULL, NULL, NULL, 36.744898, 2.998382),
(860, 'ARTABAZ Yasmina', 'Cite de l\'hopital Bat N 21 Rouiba Alger', ' | Chir.Neurologique', 'ROUIBA', 'ROUIBA', '021 81 41 62', NULL, NULL, NULL, NULL, 36.7364186, 3.2857151),
(861, 'H. BENAISSA', 'Cite Garidi2 Kouba Alger', ' | Chir.Neurologique', 'KOUBA', 'HUSSEIN DEY', '021 44 59 74', NULL, NULL, NULL, NULL, 36.732015, 3.060393),
(862, 'ABADA Mohamed', '2 Rue de l\'Abreuvoir Alger centre', ' | Chir.Neurologique', 'ALGER CENTRE', 'SIDI M\'HAMED', '021 73 70 00', NULL, NULL, NULL, NULL, 36.7681961, 3.0403829),
(863, 'KOUDOURLI Yazid', '28, Lot les oliviers Oued Roumane El Achour Alger', ' | Chir.Neurologique', 'EL ACHOUR', 'DRARIA', '021 30 08 26', NULL, NULL, NULL, NULL, 36.7448219, 2.9983409),
(864, 'MEGHERBI H.', '3, Rue des Freres Khelladi Alger centre. Alger', ' | Chir.Neurologique', 'ALGER CENTRE', 'SIDI M\'HAMED', '07 96 84 21 91', NULL, NULL, NULL, NULL, 36.786155, 3.060942),
(865, 'Abdelmoumen BOUALI', '16 Rue Abderahmane Hergma, Mohammadia', ' | Chir.Neurologique', 'MOHAMMADIA', 'DAR EL BEIDA', '021 53 82 87', NULL, NULL, NULL, NULL, 36.732639, 3.132192),
(866, 'HAMDAOUI MOURAD', '32 Rue Tahar Chaaf, 16001, ALGER', ' | Chir.Plastique-reparatrice', 'ALGER CENTRE', 'SIDI M\'HAMED', '21664167', NULL, NULL, NULL, NULL, 36.7623419, 3.0512828),
(867, 'Bouzid Karim', '14 rue des cedres ALGER', ' | Chir.Plastique-reparatrice', 'ALGER CENTRE', 'SIDI M\'HAMED', '773284588', NULL, NULL, NULL, NULL, 36.7512951, 3.0478676),
(868, 'BENISSAD HOURIA', 'Cite Coopemad Sud Bt 65 N 4, 16108, KOUBA ALGER', ' | Chir.Plastique-reparatrice', 'KOUBA', 'HUSSEIN DEY', '21294389', NULL, NULL, NULL, NULL, 36.7221727, 3.0897789),
(869, 'AGLI SLIMANE', 'Cite des 300 Logts Bt 17 N 1, 16042, BAB EZZOUAR ALGER', ' | Chir.Plastique-reparatrice', 'BAB EZZOUAR', 'DAR EL BEIDA', '21248694', NULL, NULL, NULL, NULL, 36.722896, 3.1513319),
(870, 'RAMI Ali', 'cite des 618 logts Mohamadia Alger', ' | Chir.Generale', 'MOHAMMADIA', 'DAR EL BEIDA', NULL, NULL, NULL, NULL, NULL, 36.729804, 3.151923),
(871, 'BOUDJENAH Nadia', '29 Route des vieillards, Bouzareah Alger', ' | Chir.Generale', 'BOUZAREAH', 'BOUZAREAH', '021 92 01 91', 'drboudjenah@yahoo.fr', NULL, NULL, NULL, 36.7855138, 3.0309051),
(872, 'Boussada Abdelkrim', 'Cite tamaris mohamadia Bt B1 Alger', ' | Chir.Generale', 'MOHAMMADIA', 'DAR EL BEIDA', '0772 14 77 49', NULL, NULL, NULL, NULL, 36.731945, 3.170807),
(873, 'boudiaf boubakeur', 'Cite 08 mai 1945 Bt 15C N 8 Bab Ezzouar Alger Bab Ezzouar Alger', ' | Chir.Generale', 'BAB EZZOUAR', 'DAR EL BEIDA', '0661 50 74 43 / 021 51 72 87', NULL, NULL, NULL, NULL, 36.722896, 3.1513319),
(874, 'OUIS AHMED', '11 LOTS DES OLIVIERS OUED ROMAINE El Achour Alger', ' | Chir.Generale', 'EL ACHOUR', 'DRARIA', '0699 91 11 71 / 021 31 05 32', NULL, NULL, NULL, NULL, 36.7448219, 2.9983409),
(875, 'ZERAOULIA AKILA', '11 RUE IKARIOUAN, Rais hamidou', ' | Hemodialyse', 'RAIS HAMIDOU', 'BAB EL OUED', NULL, NULL, NULL, NULL, NULL, 36.8077702, 2.9921005),
(876, 'LAICHAOUI MUSTAPHA', 'CITE CIF, Bordj El Bahri', ' | Hemodialyse', 'BORDJ EL BAHRI', 'DAR EL BEIDA', NULL, NULL, NULL, NULL, NULL, 36.7880665, 3.214573),
(877, 'KHALFI HOCINE', 'SI HAOUES, Ain Taya', ' | Hemodialyse', 'AIN TAYA', 'DAR EL BEIDA', NULL, NULL, NULL, NULL, NULL, 36.79084, 3.292093),
(878, 'HASSEN KHODJA FAROUK', '03, rue sergent Addoun, Alger centre, Alger Ctre 16000', ' | Hemodialyse', 'ALGER CENTRE', 'SIDI M\'HAMED', NULL, NULL, NULL, NULL, NULL, 36.772197, 3.058856),
(879, 'GUELLATI MAHFOUD', '11 PLACE DES MARTYRS, Cheraga', ' | Hemodialyse', 'CHERAGA', 'CHERAGA', NULL, NULL, NULL, NULL, NULL, 36.7597319, 2.8581266),
(880, 'CHAOUCHAOUI MUSTAPHA', '3 AVENUE COLONEL LOTFI, Bab El Oued', ' | Hemodialyse', 'BAB EL OUED', 'BAB EL OUED', NULL, NULL, NULL, NULL, NULL, 36.7906062, 3.0511671),
(881, 'BOUKROUNA MOULOUD', 'CENTRE VILLE, Draria', ' | Hemodialyse', ' DRARIA', ' DRARIA', NULL, NULL, NULL, NULL, NULL, 36.7172858, 3.0025615),
(882, 'BENKHECHI TEWFIK', '1 RUE DE LA CHARTE D\'ALGER BELFORT, El Harrach', ' | Hemodialyse', 'EL-HARRACH', 'EL-HARRACH', NULL, NULL, NULL, NULL, NULL, 36.719175, 3.141947),
(883, 'cabinet APPAREILLAGES PROTHETIQUES', '5Rue TACHOUAFT, Sidi M\'Hamed', ' | APPAREILLAGES PROTHETIQUES', 'SIDI M\'HAMED', 'SIDI M\'HAMED', '213 (0) 771 16 40 99', 'mokrane_hadjene@hotmail.fr', 'http://orthopedique-mokrane.com/contact.html', NULL, NULL, 36.76373, 3.056837),
(884, 'HAMZAOUI CHOUKRIA', 'benhaddadi said Cheraga Alger', ' | Nephrologie', 'CHERAGA', 'CHERAGA', '021368880 / 0770617375', NULL, NULL, NULL, NULL, 36.767735, 2.970539),
(885, 'BOUKADOUM LEILA', 'Cite Bensmail Mohamed B1 Cheraga Alger', ' | Nephrologie', 'CHERAGA', 'CHERAGA', '21370285', NULL, NULL, NULL, NULL, 36.771061, 2.958209),
(886, 'Lebid Soraya', '6 Cooperative El Fallah Bat. A1 Les Vergers, Birkhadem Alger', ' | Nephrologie', 'BIRKHADEM', 'BIR MOURAD RAIS', '023.57.12.98', NULL, NULL, NULL, ' 09:00 - 16:00', 36.7279712, 3.0485964),
(887, 'Mustapha Pacha hospital', 'Place du 1er Mai 1945, Sidi M\'Hamed, Alger, 16000, Algerie.', ' | Cardiologie | Dermatologie | Hepato-gastrologie | Gynecologie | Hematologie | Medcine interne | Medcine travaille | Neurologie | ORL | Ophtalmologie | Pediatrie | Pneumo-Phtisiologie | Radiologie + Imagerie medicale | Chir.Pediatrique | Chir.Urologie | Chir.Maxilo-Facial | Chir.Neurologique | Chi', 'SIDI M\'HAMED', 'SIDI M\'HAMED', '021 23 68 84', 'contact@chu-mustapha.dz', ' https://fr-fr.facebook.com/Hopital-mustapha-bacha-Alger-460928390646160/', NULL, 'H24', 36.7615848, 3.0572203),
(888, 'CHU Lamine Debaghine', 'Boulevard Said Taouti, Bab El Oued, Alger, 16000, Algerie.', ' | Dermatologie | Endo-crenologie-diabetologie | Hepato-gastrologie | Gynecologie | Medcine interne | Medcine necluaire + Radiotherapie | Neurologie | ORL | Ophtalmologie | Chir.Orthopidique | Chir.Urologie | Chir.Neurologique | Chir.Generale | Chir.thoracique', 'BAB EL OUED', 'BAB EL OUED', '021 96 06 06', 'chubeo_info@chubabeloued.com', NULL, NULL, NULL, 36.7931748, 3.0505112),
(889, 'CHU Salim Zemirli', 'Route de Baraki, BP N 71, El Harrach, Alger, 16000, Algerie.', ' | Medcine interne | Neurologie | Radiologie + Imagerie medicale | Rhumatologie | Chir.Neurologique | Chir.Generale', 'BARAKI', 'BARAKI', '021 59 82 00', NULL, NULL, NULL, NULL, 36.7121352, 3.1041572),
(890, 'CHU DE AIN TAYA', 'Cite Si El Haouasse, Ain Taya, 16000, Alger, Algerie.', ' | Endo-crenologie-diabetologie | Gynecologie | Medcine interne | Pediatrie | Chir.Generale', 'AIN TAYA', 'DAR EL BEIDA', '021 86 81 16', NULL, NULL, NULL, NULL, 36.7881263, 3.2566837),
(891, 'CHU Issad Hassani a Beni messous', 'Rue Ibrahim Hadjeras, Beni Messous, 16000, Alger, Algerie.', ' | Hepato-gastrologie | Medcine interne | Pediatrie | vaccination | vaccination', 'BENI MESSOUS', 'BOUZAREAH', '021 93 11 90', NULL, 'https://fr-fr.facebook.com/leChuBeniMessous/', NULL, NULL, 36.7813894, 2.9856165),
(892, 'CHU Nafissa Hamoud a Hussein DEY', 'Rue Boudjemaa Moghni, Hussein Dey, 16040, Alger, Algerie.', ' | Cardiologie | Endo-crenologie-diabetologie | Hepato-gastrologie | Gynecologie | Medcine interne | Pediatrie | Chir.Generale', 'HUSSEIN DEY', 'HUSSEIN DEY', '021 49 56 56', NULL, 'https://fr-fr.facebook.com/pages/Hopital-Parnet-Hussein-dey/', NULL, NULL, 36.7365461, 3.1049078),
(893, 'Hopital de Ruiba', 'Rue Larbi Abdelsalem, Rouiba, 16000, Alger, Algerie', ' | Endo-crenologie-diabetologie | Hepato-gastrologie | Medcine interne | Pediatrie | Rhumatologie | Chir.Generale', 'ROUIBA', 'ROUIBA', '021 86 11 60', NULL, NULL, NULL, NULL, 36.7355672, 3.2849944),
(894, 'hopital e BEN AKNOUNE', 'Chemin des Deux Bassins, Ben Aknoun 16306, Alger, Algerie.', ' | Neurologie | Radiologie + Imagerie medicale | Rhumatologie | Chir.Orthopidique', 'BEN AKNOUN', 'BOUZAREAH', '023 38 41 20', 'chsbaknoun@sante.gov.dz', 'https://www.facebook.com/pages/Hopital-Ben-Aknoun/1381088435461615', NULL, NULL, 36.7546342, 3.0010506),
(895, 'L\'hopital Ibn Ziri a Bologhine', 'Bologhine, 16000, Alger, Algerie.', ' | Cardiologie | Endo-crenologie-diabetologie | Gynecologie | Medcine interne', 'BOLOGHINE', 'BAB EL OUED', '021 95 85 41', NULL, NULL, NULL, NULL, 36.8052793, 3.0350884),
(896, 'L\'hopital psychiatrique Mahfoud Boucebci a Cheraga', 'Rue Souidani Boudjemaa, Cheraga, 16000, Alger, Algerie', ' | Gynecologie | Medcine interne', 'CHERAGA', 'CHERAGA', NULL, NULL, 'https://www.facebook.com/pages/H%C3%B4pital-psychiatrique-Mahfoud-Boucebci-Cheraga/193119770729675', NULL, NULL, 36.7666261, 2.9486202),
(897, 'L\'hopital Belkacemi Tayeb a Zeralda', 'W112, Zeralda, 16000, Alger, Algerie.', ' | Endo-crenologie-diabetologie | Medcine interne | Chir.Generale', 'ZERALDA', 'ZERALDA', '021 32 63 94', NULL, NULL, NULL, NULL, 36.689235, 2.846666),
(898, 'L\'hopital Djillali Belkhenchir a El Biar', 'Rue Ahmed Bouamama, El Biar, 16000, Alger, Algerie.', '', 'EL BIAR', 'BOUZAREAH', NULL, NULL, 'https://fr-fr.facebook.com/EPH-Birtraria-el-biar-268490186638871/', NULL, NULL, 36.7735559, 3.0395839),
(899, 'L\'hopital Djillali Rahmoune a El Mouradia', '11, chemin El Bachir El Ibrahimi, El Mouradia, 16000, Alger, Algerie.', '', 'EL MOURADIA', 'SIDI M\'HAMED', NULL, NULL, 'https://www.facebook.com/Etablissement-Public-Hospitalier-Rahmouni-Djillali-654799387904262/', NULL, NULL, 36.7554207, 3.0415808),
(900, 'L\'hopital Djillali Bounaama a Douera', 'Rue des Freres Halim, Douera, 16000, Alger, Algerie.', '', 'DOUERA', 'DRARIA', '021 41 76 77', NULL, 'https://fr-fr.facebook.com/people/Chu-Douera-Alger/100009032823146', NULL, NULL, 36.6682769, 2.8627936),
(901, 'L\'hopital des Brules a Alger-Centre', 'Khelifa Boukhalfa, Alger-Centre, 16000, Alger, Algerie.', ' | Chir.Pediatrique | Chir.Generale', 'ALGER CENTRE', 'SIDI M\'HAMED', '021 64 18 66', NULL, NULL, NULL, NULL, 36.769488, 3.056605),
(902, 'L\'hopital psychiatrique Drid Hocine a Kouba', '3, rue Mohamed Bouider, Kouba, 16208, Alger, Algerie.', ' | Pedo-pseciatrie', 'KOUBA', 'HUSSEIN DEY', '021 68 52 72', NULL, 'https://fr-fr.facebook.com/pages/hopital-Drid-Hocine-kouba', NULL, NULL, 36.7242116, 3.0422357),
(903, 'Le centre Pierre et Marie Curie a Sidi M\'Hamed', 'Avenue Bouzenad Salem, 1er Mai, Sidi M\'Hamed, 16000, Alger, Algerie.', '', 'SIDI M\'HAMED', 'SIDI M\'HAMED', '021 66 66 68', NULL, 'https://fr-fr.facebook.com/pages/Centre-Pierre-et-Marie-Curie-CPMC-dAlger/162490107287358', NULL, NULL, 36.7600839, 3.054565),
(904, 'L\'hopital Azur Plage a Staoueli', 'Azur Plage, Staoueli, 16000, Alger, Algerie.', '', 'STAOUELI', 'ZERALDA', '021 32 70 22', 'contact@ehs-azur-plage.dz', NULL, NULL, NULL, 36.736413, 2.845172),
(905, 'L\'hopital de Tixeraine a Birkhadem', 'Hopital de Tixeraine, Birkhadem, 16000, Alger, Algerie.', '', 'BIRKHADEM', 'BIR MOURAD RAIS', '021 55 02 19', NULL, NULL, NULL, NULL, 36.7245784, 3.020386),
(906, 'L\'hopital militaire de Ain Naadja', 'BP 244, Ain Naadja, Djasr Kasentina, 16205, Alger, Algerie.', ' | Cardiologie | Medcine interne | Radiologie + Imagerie medicale | Chir.Generale', 'GUE DE CONSTANTINE', 'BIR MOURAD RAIS', '021 54 54 54', NULL, 'https://fr-fr.facebook.com/pages/H%C3%B4pital-Militaire-A%C3%AFn-Na%C3%A2dja/198899150146975', NULL, NULL, 36.7061596, 3.0582653),
(907, 'L\'hopital El Hadi Flici a Oued Koriche', 'Bab Jdid, Haute Casbah, Oued Koriche, 16000, Alger, Algerie.', '', 'OUED KORICHE', 'BAB EL OUED', '021 96 29 87', NULL, 'https://fr-fr.facebook.com/hopital-el-kettar-277749618928431/', NULL, NULL, 36.787487, 3.058278),
(908, 'L\'hopital de neurochirurgie Ali Ait Idir a la Casbah', 'Rampe Areski Louni, Casbah, 16000, Alger, Algerie.', ' | Neurologie | Chir.Neurologique', 'CASBAH', 'BAB EL OUED', '021 96 38 25', NULL, 'https://www.facebook.com/EHS.Neurologie.AliAitIdir/', NULL, NULL, 36.7880006, 3.0575056),
(909, 'L\'hopital Bachir Mentouri a Kouba', 'Route de l\'hopital de Kouba, Kouba, 16208, Alger, Algerie.', '', 'KOUBA', 'HUSSEIN DEY', '021 58 90 14', NULL, 'https://www.facebook.com/Hopital-Bachir-Mentouri-de-Kouba-230333583730362/', NULL, NULL, 36.7262477, 3.0867387),
(910, 'L\'hopital Hassen Badi a El Harrach', 'Rue Slimane Hanafi, El Harrach, 16000, Alger, Algerie.', ' | Gynecologie | Medcine interne | Pediatrie', 'EL-HARRACH', 'EL-HARRACH', NULL, NULL, 'https://www.facebook.com/EPH-Hassen-Badi-El-Hrrach-1652582258318473/', NULL, NULL, 36.7197386, 3.1459733),
(911, 'L\'hopital Bouchenafa a Sidi M\'Hamed', 'Rue Bouchenafa Mohamed, Sidi M\'Hamed, 16000, Alger, Algerie.', ' | Medcine interne | Pediatrie | Radiologie + Imagerie medicale | Dentaire', 'SIDI M\'HAMED', 'SIDI M\'HAMED', NULL, NULL, NULL, NULL, NULL, 36.756825, 3.063532),
(912, 'L\'institut Pasteur a Dely Brahim', 'Route du petit staoueli, Dely Brahim, 16000, Alger, Algerie.', ' | vaccination | vaccination', 'DELY IBRAHIM', 'CHERAGA', '021 37 26 74', 'contact@pasteur.dz', 'https://fr-fr.facebook.com/Louis-Pasteur-en-Algerie-LPA-178663352191864/', NULL, NULL, 36.7530304, 2.9657058),
(923, 'usthb clinique', 'babzouar', '', NULL, NULL, '0660784522', NULL, NULL, NULL, '08:00-16:00', 34.345677, 4.236788),
(924, 'clinique babzouar', 'babzouar', '', NULL, NULL, '025368900', NULL, NULL, NULL, '08:00-16:00', 34.459833, 3.4356777);

-- --------------------------------------------------------

--
-- Structure de la table `specialite`
--

CREATE TABLE `specialite` (
  `specialite_id` int(11) NOT NULL,
  `NomS` varchar(45) DEFAULT NULL
) ENGINE=InnoDB DEFAULT CHARSET=utf8;

--
-- Déchargement des données de la table `specialite`
--

INSERT INTO `specialite` (`specialite_id`, `NomS`) VALUES
(1, 'Cardiologie'),
(2, 'Dermatologie'),
(3, 'Endo-crenologie-diabetologie'),
(4, 'Hepato-gastrologie'),
(5, 'Gynecologie'),
(6, 'Hematologie'),
(7, 'Infectiologie'),
(8, 'Medcine interne'),
(9, 'Medcine necluaire + Radiotherapie'),
(10, 'Medcine travaille'),
(11, 'Nephrologie'),
(12, 'Medcine du sport'),
(13, 'Neurologie'),
(14, 'Oncologie'),
(15, 'ORL'),
(16, 'Ophtalmologie'),
(17, 'Pediatrie'),
(18, 'Pneumo-Phtisiologie'),
(19, 'Psychiatrie'),
(20, 'Pedo-pseciatrie'),
(21, 'Radiologie + Imagerie medicale'),
(22, 'Rhumatologie'),
(23, 'Dentaire'),
(24, 'Chir.Orthopidique'),
(25, 'Chir.Pediatrique'),
(26, 'Chir.Urologie'),
(27, 'Chir.Maxilo-Facial'),
(28, 'Chir.Cardio-vasculaire'),
(29, 'Chir.Neurologique'),
(30, 'Chir.Plastique-reparatrice'),
(31, 'Chir.Generale'),
(32, 'Chir.thoracique'),
(33, 'Accouchements'),
(34, 'PMA'),
(35, 'APPAREILLAGES PROTHETIQUES'),
(36, 'Medcine generale'),
(37, 'Hemodialyse'),
(38, 'vaccination');

-- --------------------------------------------------------

--
-- Structure de la table `specialite_hopital`
--

CREATE TABLE `specialite_hopital` (
  `codes` int(11) NOT NULL,
  `hopital_id` int(11) NOT NULL
) ENGINE=InnoDB DEFAULT CHARSET=utf8;

--
-- Déchargement des données de la table `specialite_hopital`
--

INSERT INTO `specialite_hopital` (`codes`, `hopital_id`) VALUES
(1, 23),
(1, 366),
(1, 371),
(1, 372),
(1, 383),
(1, 384),
(1, 401),
(1, 415),
(1, 429),
(1, 432),
(1, 436),
(1, 438),
(1, 439),
(1, 440),
(1, 441),
(1, 503),
(1, 504),
(1, 508),
(1, 510),
(1, 511),
(1, 512),
(1, 513),
(1, 514),
(1, 515),
(1, 516),
(1, 517),
(1, 518),
(1, 519),
(1, 520),
(1, 521),
(1, 522),
(1, 523),
(1, 524),
(1, 525),
(1, 526),
(1, 527),
(1, 528),
(1, 529),
(1, 530),
(1, 531),
(1, 532),
(1, 533),
(1, 534),
(1, 535),
(1, 536),
(1, 537),
(1, 538),
(1, 539),
(1, 540),
(1, 541),
(1, 542),
(1, 543),
(1, 544),
(1, 545),
(1, 546),
(1, 547),
(1, 548),
(1, 549),
(1, 550),
(1, 551),
(1, 552),
(1, 553),
(1, 554),
(1, 887),
(1, 892),
(1, 895),
(1, 906),
(3, 329),
(3, 330),
(3, 331),
(3, 332),
(3, 333),
(3, 334),
(3, 335),
(3, 336),
(3, 337),
(3, 367),
(3, 372),
(3, 384),
(3, 414),
(3, 415),
(3, 429),
(3, 431),
(3, 434),
(3, 435),
(3, 436),
(3, 438),
(3, 439),
(3, 440),
(3, 441),
(3, 503),
(3, 508),
(3, 888),
(3, 890),
(3, 892),
(3, 893),
(3, 895),
(3, 897),
(2, 338),
(2, 339),
(2, 340),
(2, 341),
(2, 342),
(2, 343),
(2, 344),
(2, 345),
(2, 346),
(2, 347),
(2, 348),
(2, 349),
(2, 350),
(2, 351),
(2, 352),
(2, 353),
(2, 354),
(2, 355),
(2, 356),
(2, 357),
(2, 358),
(2, 359),
(2, 360),
(2, 361),
(2, 362),
(2, 363),
(2, 372),
(2, 383),
(2, 438),
(2, 439),
(2, 491),
(2, 509),
(2, 887),
(2, 888),
(4, 312),
(4, 313),
(4, 314),
(4, 315),
(4, 316),
(4, 317),
(4, 318),
(4, 319),
(4, 320),
(4, 321),
(4, 322),
(4, 323),
(4, 324),
(4, 325),
(4, 326),
(4, 327),
(4, 328),
(4, 366),
(4, 372),
(4, 383),
(4, 388),
(4, 429),
(4, 430),
(4, 432),
(4, 434),
(4, 436),
(4, 438),
(4, 440),
(4, 441),
(4, 503),
(4, 508),
(4, 887),
(4, 888),
(4, 891),
(4, 892),
(4, 893),
(5, 34),
(5, 35),
(5, 364),
(5, 365),
(5, 367),
(5, 371),
(5, 372),
(5, 374),
(5, 375),
(5, 376),
(5, 377),
(5, 379),
(5, 380),
(5, 381),
(5, 382),
(5, 383),
(5, 385),
(5, 386),
(5, 387),
(5, 388),
(5, 389),
(5, 390),
(5, 391),
(5, 429),
(5, 432),
(5, 433),
(5, 439),
(5, 440),
(5, 441),
(5, 503),
(5, 607),
(5, 608),
(5, 609),
(5, 610),
(5, 611),
(5, 612),
(5, 613),
(5, 614),
(5, 615),
(5, 616),
(5, 617),
(5, 618),
(5, 619),
(5, 620),
(5, 621),
(5, 622),
(5, 623),
(5, 624),
(5, 625),
(5, 626),
(5, 627),
(5, 628),
(5, 629),
(5, 630),
(5, 631),
(5, 632),
(5, 633),
(5, 634),
(5, 635),
(5, 636),
(5, 637),
(5, 638),
(5, 639),
(5, 640),
(5, 641),
(5, 642),
(5, 643),
(5, 644),
(5, 645),
(5, 646),
(5, 647),
(5, 648),
(5, 649),
(5, 650),
(5, 651),
(5, 652),
(5, 653),
(5, 654),
(5, 655),
(5, 656),
(5, 657),
(5, 658),
(5, 659),
(5, 660),
(5, 661),
(5, 662),
(5, 663),
(5, 664),
(5, 665),
(5, 666),
(5, 667),
(5, 668),
(5, 669),
(5, 670),
(5, 671),
(5, 672),
(5, 673),
(5, 674),
(5, 675),
(5, 676),
(5, 677),
(5, 678),
(5, 679),
(5, 680),
(5, 681),
(5, 682),
(5, 683),
(5, 684),
(5, 685),
(5, 686),
(5, 687),
(5, 688),
(5, 689),
(5, 690),
(5, 691),
(5, 692),
(5, 693),
(5, 694),
(5, 695),
(5, 696),
(5, 697),
(5, 698),
(5, 699),
(5, 887),
(5, 888),
(5, 890),
(5, 892),
(5, 895),
(5, 896),
(5, 910),
(6, 438),
(6, 738),
(6, 739),
(6, 740),
(6, 741),
(6, 887),
(7, 742),
(7, 743),
(7, 744),
(7, 745),
(7, 746),
(8, 384),
(8, 385),
(8, 387),
(8, 416),
(8, 429),
(8, 435),
(8, 436),
(8, 438),
(8, 440),
(8, 504),
(8, 747),
(8, 748),
(8, 749),
(8, 750),
(8, 751),
(8, 752),
(8, 753),
(8, 754),
(8, 755),
(8, 756),
(8, 757),
(8, 758),
(8, 759),
(8, 887),
(8, 888),
(8, 889),
(8, 890),
(8, 891),
(8, 892),
(8, 893),
(8, 895),
(8, 896),
(8, 897),
(8, 906),
(8, 910),
(8, 911),
(9, 504),
(9, 508),
(9, 760),
(9, 888),
(10, 372),
(10, 761),
(10, 762),
(10, 763),
(10, 887),
(11, 373),
(11, 438),
(11, 884),
(11, 885),
(11, 886),
(13, 371),
(13, 372),
(13, 387),
(13, 388),
(13, 416),
(13, 430),
(13, 438),
(13, 439),
(13, 765),
(13, 766),
(13, 767),
(13, 768),
(13, 769),
(13, 770),
(13, 771),
(13, 772),
(13, 773),
(13, 774),
(13, 775),
(13, 776),
(13, 777),
(13, 778),
(13, 779),
(13, 780),
(13, 781),
(13, 782),
(13, 783),
(13, 784),
(13, 785),
(13, 786),
(13, 787),
(13, 887),
(13, 888),
(13, 889),
(13, 894),
(13, 908),
(14, 383),
(14, 503),
(14, 788),
(15, 366),
(15, 371),
(15, 372),
(15, 377),
(15, 378),
(15, 379),
(15, 381),
(15, 387),
(15, 388),
(15, 390),
(15, 401),
(15, 411),
(15, 412),
(15, 413),
(15, 438),
(15, 440),
(15, 494),
(15, 495),
(15, 504),
(15, 700),
(15, 701),
(15, 702),
(15, 703),
(15, 704),
(15, 705),
(15, 706),
(15, 707),
(15, 708),
(15, 709),
(15, 710),
(15, 711),
(15, 712),
(15, 713),
(15, 714),
(15, 715),
(15, 716),
(15, 717),
(15, 718),
(15, 719),
(15, 720),
(15, 721),
(15, 722),
(15, 723),
(15, 724),
(15, 725),
(15, 726),
(15, 727),
(15, 728),
(15, 729),
(15, 730),
(15, 731),
(15, 732),
(15, 733),
(15, 734),
(15, 735),
(15, 736),
(15, 737),
(15, 887),
(15, 888),
(16, 1),
(16, 2),
(16, 3),
(16, 4),
(16, 5),
(16, 6),
(16, 7),
(16, 8),
(16, 9),
(16, 10),
(16, 11),
(16, 12),
(16, 13),
(16, 14),
(16, 15),
(16, 16),
(16, 17),
(16, 18),
(16, 19),
(16, 20),
(16, 21),
(16, 22),
(16, 23),
(16, 24),
(16, 25),
(16, 26),
(16, 27),
(16, 28),
(16, 29),
(16, 31),
(16, 32),
(16, 364),
(16, 366),
(16, 371),
(16, 372),
(16, 378),
(16, 381),
(16, 384),
(16, 387),
(16, 390),
(16, 396),
(16, 397),
(16, 398),
(16, 399),
(16, 400),
(16, 401),
(16, 402),
(16, 403),
(16, 404),
(16, 405),
(16, 406),
(16, 407),
(16, 408),
(16, 409),
(16, 410),
(16, 411),
(16, 415),
(16, 431),
(16, 438),
(16, 887),
(16, 888),
(18, 14),
(18, 30),
(18, 371),
(18, 401),
(18, 431),
(18, 438),
(18, 440),
(18, 503),
(18, 789),
(18, 790),
(18, 791),
(18, 792),
(18, 793),
(18, 794),
(18, 795),
(18, 796),
(18, 797),
(18, 798),
(18, 799),
(18, 800),
(18, 801),
(18, 802),
(18, 803),
(18, 804),
(18, 805),
(18, 806),
(18, 807),
(18, 808),
(18, 809),
(18, 810),
(18, 811),
(18, 812),
(18, 887),
(20, 813),
(20, 814),
(20, 902),
(21, 371),
(21, 390),
(21, 416),
(21, 430),
(21, 431),
(21, 432),
(21, 433),
(21, 435),
(21, 436),
(21, 437),
(21, 438),
(21, 439),
(21, 440),
(21, 441),
(21, 482),
(21, 483),
(21, 484),
(21, 485),
(21, 486),
(21, 487),
(21, 488),
(21, 489),
(21, 503),
(21, 508),
(21, 815),
(21, 816),
(21, 887),
(21, 889),
(21, 894),
(21, 906),
(21, 911),
(22, 372),
(22, 429),
(22, 430),
(22, 438),
(22, 504),
(22, 817),
(22, 818),
(22, 819),
(22, 820),
(22, 821),
(22, 822),
(22, 823),
(22, 824),
(22, 825),
(22, 826),
(22, 827),
(22, 828),
(22, 829),
(22, 830),
(22, 831),
(22, 832),
(22, 833),
(22, 834),
(22, 835),
(22, 836),
(22, 837),
(22, 838),
(22, 889),
(22, 893),
(22, 894),
(23, 371),
(23, 383),
(23, 423),
(23, 424),
(23, 425),
(23, 438),
(23, 480),
(23, 492),
(23, 493),
(23, 496),
(23, 497),
(23, 498),
(23, 499),
(23, 500),
(23, 501),
(23, 502),
(23, 555),
(23, 556),
(23, 557),
(23, 558),
(23, 559),
(23, 560),
(23, 561),
(23, 562),
(23, 563),
(23, 564),
(23, 565),
(23, 566),
(23, 567),
(23, 568),
(23, 569),
(23, 570),
(23, 571),
(23, 572),
(23, 573),
(23, 574),
(23, 575),
(23, 576),
(23, 577),
(23, 578),
(23, 579),
(23, 580),
(23, 581),
(23, 582),
(23, 583),
(23, 584),
(23, 585),
(23, 911),
(24, 364),
(24, 366),
(24, 367),
(24, 370),
(24, 372),
(24, 377),
(24, 378),
(24, 383),
(24, 385),
(24, 386),
(24, 387),
(24, 388),
(24, 392),
(24, 401),
(24, 411),
(24, 416),
(24, 437),
(24, 438),
(24, 839),
(24, 840),
(24, 841),
(24, 842),
(24, 843),
(24, 844),
(24, 888),
(24, 894),
(25, 367),
(25, 392),
(25, 845),
(25, 846),
(25, 847),
(25, 848),
(25, 849),
(25, 850),
(25, 887),
(25, 901),
(26, 367),
(26, 371),
(26, 372),
(26, 376),
(26, 383),
(26, 386),
(26, 387),
(26, 388),
(26, 389),
(26, 390),
(26, 391),
(26, 438),
(26, 586),
(26, 587),
(26, 588),
(26, 589),
(26, 590),
(26, 591),
(26, 592),
(26, 593),
(26, 594),
(26, 595),
(26, 596),
(26, 597),
(26, 598),
(26, 599),
(26, 600),
(26, 601),
(26, 602),
(26, 603),
(26, 604),
(26, 605),
(26, 606),
(26, 607),
(26, 887),
(26, 888),
(27, 366),
(27, 371),
(27, 372),
(27, 378),
(27, 381),
(27, 387),
(27, 388),
(27, 851),
(27, 852),
(27, 853),
(27, 854),
(27, 887),
(28, 364),
(28, 366),
(28, 367),
(28, 370),
(28, 371),
(28, 383),
(28, 385),
(28, 855),
(28, 856),
(29, 364),
(29, 366),
(29, 370),
(29, 371),
(29, 372),
(29, 383),
(29, 390),
(29, 857),
(29, 858),
(29, 859),
(29, 860),
(29, 861),
(29, 862),
(29, 863),
(29, 864),
(29, 865),
(29, 887),
(29, 888),
(29, 889),
(29, 908),
(30, 366),
(30, 367),
(30, 370),
(30, 388),
(30, 490),
(30, 491),
(30, 495),
(30, 503),
(30, 505),
(30, 507),
(30, 509),
(30, 866),
(30, 867),
(30, 868),
(30, 869),
(31, 364),
(31, 366),
(31, 370),
(31, 371),
(31, 372),
(31, 374),
(31, 375),
(31, 376),
(31, 377),
(31, 378),
(31, 379),
(31, 380),
(31, 381),
(31, 382),
(31, 383),
(31, 384),
(31, 386),
(31, 387),
(31, 388),
(31, 389),
(31, 390),
(31, 391),
(31, 392),
(31, 401),
(31, 411),
(31, 429),
(31, 438),
(31, 870),
(31, 871),
(31, 872),
(31, 873),
(31, 874),
(31, 887),
(31, 888),
(31, 889),
(31, 890),
(31, 892),
(31, 893),
(31, 897),
(31, 901),
(31, 906),
(32, 387),
(32, 388),
(32, 887),
(32, 888),
(33, 393),
(33, 394),
(33, 395),
(33, 503),
(35, 426),
(35, 427),
(35, 504),
(35, 883),
(36, 104),
(36, 105),
(36, 106),
(36, 107),
(36, 108),
(36, 109),
(36, 110),
(36, 111),
(36, 112),
(36, 113),
(36, 114),
(36, 115),
(36, 116),
(36, 117),
(36, 118),
(36, 119),
(36, 120),
(36, 121),
(36, 122),
(36, 123),
(36, 124),
(36, 125),
(36, 126),
(36, 127),
(36, 128),
(36, 129),
(36, 130),
(36, 131),
(36, 132),
(36, 133),
(36, 134),
(36, 135),
(36, 136),
(36, 137),
(36, 138),
(36, 139),
(36, 140),
(36, 141),
(36, 142),
(36, 143),
(36, 144),
(36, 145),
(36, 146),
(36, 147),
(36, 148),
(36, 149),
(36, 150),
(36, 151),
(36, 152),
(36, 153),
(36, 154),
(36, 155),
(36, 156),
(36, 157),
(36, 158),
(36, 159),
(36, 160),
(36, 161),
(36, 162),
(36, 163),
(36, 164),
(36, 165),
(36, 166),
(36, 167),
(36, 168),
(36, 169),
(36, 170),
(36, 171),
(36, 172),
(36, 173),
(36, 174),
(36, 175),
(36, 176),
(36, 177),
(36, 178),
(36, 179),
(36, 180),
(36, 181),
(36, 182),
(36, 183),
(36, 184),
(36, 185),
(36, 186),
(36, 187),
(36, 188),
(36, 189),
(36, 190),
(36, 191),
(36, 192),
(36, 193),
(36, 194),
(36, 195),
(36, 196),
(36, 197),
(36, 198),
(36, 199),
(36, 200),
(36, 201),
(36, 202),
(36, 203),
(36, 204),
(36, 205),
(36, 206),
(36, 207),
(36, 208),
(36, 209),
(36, 210),
(36, 211),
(36, 212),
(36, 213),
(36, 214),
(36, 215),
(36, 216),
(36, 217),
(36, 218),
(36, 219),
(36, 220),
(36, 221),
(36, 222),
(36, 223),
(36, 224),
(36, 225),
(36, 226),
(36, 227),
(36, 228),
(36, 229),
(36, 230),
(36, 231),
(36, 232),
(36, 233),
(36, 234),
(36, 235),
(36, 236),
(36, 237),
(36, 238),
(36, 239),
(36, 240),
(36, 241),
(36, 242),
(36, 243),
(36, 244),
(36, 245),
(36, 246),
(36, 247),
(36, 248),
(36, 249),
(36, 250),
(36, 251),
(36, 252),
(36, 253),
(36, 254),
(36, 255),
(36, 256),
(36, 257),
(36, 258),
(36, 259),
(36, 260),
(36, 261),
(36, 262),
(36, 263),
(36, 264),
(36, 265),
(36, 266),
(36, 267),
(36, 268),
(36, 269),
(36, 270),
(36, 271),
(36, 272),
(36, 273),
(36, 274),
(36, 275),
(36, 276),
(36, 277),
(36, 278),
(36, 279),
(36, 280),
(36, 281),
(36, 282),
(36, 283),
(36, 284),
(36, 285),
(36, 286),
(36, 287),
(36, 288),
(36, 289),
(36, 290),
(36, 291),
(36, 292),
(36, 293),
(36, 294),
(36, 295),
(36, 296),
(36, 297),
(36, 298),
(36, 299),
(36, 300),
(36, 428),
(36, 429),
(36, 430),
(36, 432),
(36, 434),
(36, 435),
(36, 436),
(36, 437),
(36, 438),
(36, 439),
(36, 440),
(36, 503),
(36, 504),
(36, 506),
(36, 508),
(37, 442),
(37, 443),
(37, 444),
(37, 445),
(37, 446),
(37, 447),
(37, 448),
(37, 449),
(37, 450),
(37, 451),
(37, 452),
(37, 453),
(37, 454),
(37, 455),
(37, 456),
(37, 457),
(37, 458),
(37, 459),
(37, 460),
(37, 461),
(37, 462),
(37, 463),
(37, 464),
(37, 465),
(37, 466),
(37, 467),
(37, 468),
(37, 469),
(37, 470),
(37, 471),
(37, 472),
(37, 473),
(37, 474),
(37, 475),
(37, 476),
(37, 477),
(37, 478),
(37, 479),
(37, 504),
(37, 875),
(37, 876),
(37, 877),
(37, 878),
(37, 879),
(37, 880),
(37, 881),
(37, 882),
(38, 891),
(38, 912),
(38, 891),
(38, 912),
(17, 36),
(17, 37),
(17, 38),
(17, 39),
(17, 40),
(17, 41),
(17, 42),
(17, 43),
(17, 44),
(17, 45),
(17, 46),
(17, 47),
(17, 48),
(17, 49),
(17, 50),
(17, 51),
(17, 52),
(17, 53),
(17, 54),
(17, 55),
(17, 56),
(17, 57),
(17, 58),
(17, 59),
(17, 60),
(17, 61),
(17, 62),
(17, 63),
(17, 64),
(17, 65),
(17, 66),
(17, 67),
(17, 68),
(17, 69),
(17, 70),
(17, 71),
(17, 72),
(17, 73),
(17, 74),
(17, 75),
(17, 76),
(17, 77),
(17, 78),
(17, 79),
(17, 80),
(17, 81),
(17, 82),
(17, 83),
(17, 84),
(17, 85),
(17, 86),
(17, 87),
(17, 88),
(17, 89),
(17, 90),
(17, 91),
(17, 92),
(17, 93),
(17, 94),
(17, 95),
(17, 96),
(17, 97),
(17, 98),
(17, 99),
(17, 100),
(17, 101),
(17, 102),
(17, 103),
(17, 366),
(17, 369),
(17, 371),
(17, 381),
(17, 382),
(17, 386),
(17, 387),
(17, 388),
(17, 431),
(17, 438),
(17, 439),
(17, 440),
(17, 441),
(17, 887),
(17, 890),
(17, 891),
(17, 892),
(17, 893),
(17, 910),
(17, 911);

--
-- Index pour les tables déchargées
--

--
-- Index pour la table `commune`
--
ALTER TABLE `commune`
  ADD PRIMARY KEY (`Commune_id`);

--
-- Index pour la table `commune_daira`
--
ALTER TABLE `commune_daira`
  ADD PRIMARY KEY (`id_Commune`),
  ADD KEY `fk_id_Daira` (`id_Daira`);

--
-- Index pour la table `daira`
--
ALTER TABLE `daira`
  ADD PRIMARY KEY (`Daira_id`);

--
-- Index pour la table `hopital`
--
ALTER TABLE `hopital`
  ADD PRIMARY KEY (`hopital_id`);

--
-- Index pour la table `specialite`
--
ALTER TABLE `specialite`
  ADD PRIMARY KEY (`specialite_id`);

--
-- Index pour la table `specialite_hopital`
--
ALTER TABLE `specialite_hopital`
  ADD KEY `fk_Id_Hopitale` (`hopital_id`),
  ADD KEY `fk_codes` (`codes`);

--
-- AUTO_INCREMENT pour les tables déchargées
--

--
-- AUTO_INCREMENT pour la table `commune`
--
ALTER TABLE `commune`
  MODIFY `Commune_id` int(11) NOT NULL AUTO_INCREMENT, AUTO_INCREMENT=58;
--
-- AUTO_INCREMENT pour la table `commune_daira`
--
ALTER TABLE `commune_daira`
  MODIFY `id_Commune` int(11) NOT NULL AUTO_INCREMENT, AUTO_INCREMENT=57;
--
-- AUTO_INCREMENT pour la table `daira`
--
ALTER TABLE `daira`
  MODIFY `Daira_id` int(11) NOT NULL AUTO_INCREMENT, AUTO_INCREMENT=14;
--
-- AUTO_INCREMENT pour la table `hopital`
--
ALTER TABLE `hopital`
  MODIFY `hopital_id` int(11) NOT NULL AUTO_INCREMENT, AUTO_INCREMENT=925;
--
-- AUTO_INCREMENT pour la table `specialite`
--
ALTER TABLE `specialite`
  MODIFY `specialite_id` int(11) NOT NULL AUTO_INCREMENT, AUTO_INCREMENT=39;
--
-- Contraintes pour les tables déchargées
--

--
-- Contraintes pour la table `commune_daira`
--
ALTER TABLE `commune_daira`
  ADD CONSTRAINT `fk_id_Commune` FOREIGN KEY (`id_Commune`) REFERENCES `commune` (`Commune_id`),
  ADD CONSTRAINT `fk_id_Daira` FOREIGN KEY (`id_Daira`) REFERENCES `daira` (`Daira_id`);

--
-- Contraintes pour la table `specialite_hopital`
--
ALTER TABLE `specialite_hopital`
  ADD CONSTRAINT `fk_codes` FOREIGN KEY (`codes`) REFERENCES `specialite` (`specialite_id`),
  ADD CONSTRAINT `fk_hopital` FOREIGN KEY (`hopital_id`) REFERENCES `hopital` (`hopital_id`);
COMMIT;

/*!40101 SET CHARACTER_SET_CLIENT=@OLD_CHARACTER_SET_CLIENT */;
/*!40101 SET CHARACTER_SET_RESULTS=@OLD_CHARACTER_SET_RESULTS */;
/*!40101 SET COLLATION_CONNECTION=@OLD_COLLATION_CONNECTION */;
